CREATE DATABASE  IF NOT EXISTS `quick_bus_alpha` /*!40100 DEFAULT CHARACTER SET utf8 */;
USE `quick_bus_alpha`;
-- MySQL dump 10.13  Distrib 5.6.13, for Win32 (x86)
--
-- Host: 127.0.0.1    Database: quick_bus_alpha
-- ------------------------------------------------------
-- Server version	5.6.16

/*!40101 SET @OLD_CHARACTER_SET_CLIENT=@@CHARACTER_SET_CLIENT */;
/*!40101 SET @OLD_CHARACTER_SET_RESULTS=@@CHARACTER_SET_RESULTS */;
/*!40101 SET @OLD_COLLATION_CONNECTION=@@COLLATION_CONNECTION */;
/*!40101 SET NAMES utf8 */;
/*!40103 SET @OLD_TIME_ZONE=@@TIME_ZONE */;
/*!40103 SET TIME_ZONE='+00:00' */;
/*!40014 SET @OLD_UNIQUE_CHECKS=@@UNIQUE_CHECKS, UNIQUE_CHECKS=0 */;
/*!40014 SET @OLD_FOREIGN_KEY_CHECKS=@@FOREIGN_KEY_CHECKS, FOREIGN_KEY_CHECKS=0 */;
/*!40101 SET @OLD_SQL_MODE=@@SQL_MODE, SQL_MODE='NO_AUTO_VALUE_ON_ZERO' */;
/*!40111 SET @OLD_SQL_NOTES=@@SQL_NOTES, SQL_NOTES=0 */;

--
-- Table structure for table `groups`
--

DROP TABLE IF EXISTS `groups`;
/*!40101 SET @saved_cs_client     = @@character_set_client */;
/*!40101 SET character_set_client = utf8 */;
CREATE TABLE `groups` (
  `id` int(10) unsigned NOT NULL AUTO_INCREMENT,
  `name` varchar(50) NOT NULL,
  `created` datetime DEFAULT NULL,
  `modified` datetime DEFAULT NULL,
  PRIMARY KEY (`id`),
  UNIQUE KEY `UK_user_groups_id` (`id`)
) ENGINE=InnoDB AUTO_INCREMENT=3 DEFAULT CHARSET=utf8;
/*!40101 SET character_set_client = @saved_cs_client */;

--
-- Dumping data for table `groups`
--

LOCK TABLES `groups` WRITE;
/*!40000 ALTER TABLE `groups` DISABLE KEYS */;
INSERT INTO `groups` VALUES (1,'admin','2014-01-14 20:40:43',NULL),(2,'guest','2014-01-14 20:40:57',NULL);
/*!40000 ALTER TABLE `groups` ENABLE KEYS */;
UNLOCK TABLES;

--
-- Table structure for table `phone_numbers`
--

DROP TABLE IF EXISTS `phone_numbers`;
/*!40101 SET @saved_cs_client     = @@character_set_client */;
/*!40101 SET character_set_client = utf8 */;
CREATE TABLE `phone_numbers` (
  `id` int(10) unsigned NOT NULL AUTO_INCREMENT,
  `user_station_id` int(10) unsigned DEFAULT NULL,
  `phone_number` char(11) NOT NULL,
  PRIMARY KEY (`id`),
  UNIQUE KEY `UK_phone_numbers_id` (`id`),
  KEY `FK_phone_numbers_user_station_points_id` (`user_station_id`),
  CONSTRAINT `FK_phone_numbers_user_station_points_id` FOREIGN KEY (`user_station_id`) REFERENCES `user_station_points` (`id`) ON DELETE CASCADE ON UPDATE CASCADE
) ENGINE=InnoDB AUTO_INCREMENT=65 DEFAULT CHARSET=utf8;
/*!40101 SET character_set_client = @saved_cs_client */;

--
-- Dumping data for table `phone_numbers`
--

LOCK TABLES `phone_numbers` WRITE;
/*!40000 ALTER TABLE `phone_numbers` DISABLE KEYS */;
INSERT INTO `phone_numbers` VALUES (39,62,'15216656707'),(40,62,'13524677703'),(41,62,'15821765327'),(42,63,'15216656707'),(43,64,'15216656707'),(56,65,'15216656707'),(57,65,'13524677703'),(58,65,'15821765327'),(59,66,'15216656707'),(60,66,'13524677703'),(61,66,'15821765327'),(62,67,'15216656707'),(63,67,'13524677703'),(64,67,'15821765327');
/*!40000 ALTER TABLE `phone_numbers` ENABLE KEYS */;
UNLOCK TABLES;

--
-- Table structure for table `real_time_positions`
--

DROP TABLE IF EXISTS `real_time_positions`;
/*!40101 SET @saved_cs_client     = @@character_set_client */;
/*!40101 SET character_set_client = utf8 */;
CREATE TABLE `real_time_positions` (
  `id` int(10) unsigned NOT NULL AUTO_INCREMENT,
  `user_id` int(10) unsigned NOT NULL,
  `user_route_id` int(10) unsigned NOT NULL,
  `latitude` decimal(12,8) NOT NULL,
  `longitude` decimal(12,8) NOT NULL,
  `heading` int(10) unsigned NOT NULL,
  `created` datetime DEFAULT NULL,
  `modified` datetime DEFAULT NULL,
  PRIMARY KEY (`id`),
  UNIQUE KEY `UK_real_time_positions_id` (`id`),
  KEY `FK_real_time_positions_user_routes_id` (`user_route_id`),
  KEY `FK_real_time_positions_users_id` (`user_id`),
  CONSTRAINT `FK_real_time_positions_users_id` FOREIGN KEY (`user_id`) REFERENCES `users` (`id`) ON DELETE CASCADE ON UPDATE CASCADE,
  CONSTRAINT `FK_real_time_positions_user_routes_id` FOREIGN KEY (`user_route_id`) REFERENCES `user_routes` (`id`) ON DELETE CASCADE ON UPDATE CASCADE
) ENGINE=InnoDB AUTO_INCREMENT=18637 DEFAULT CHARSET=utf8;
/*!40101 SET character_set_client = @saved_cs_client */;

--
-- Dumping data for table `real_time_positions`
--

LOCK TABLES `real_time_positions` WRITE;
/*!40000 ALTER TABLE `real_time_positions` DISABLE KEYS */;
INSERT INTO `real_time_positions` VALUES (11010,7,29,31.13330764,121.57287787,0,'2014-05-29 06:02:51','2014-05-29 06:02:52'),(11011,7,29,31.13319208,121.57275426,0,'2014-05-29 06:02:58','2014-05-29 06:02:59'),(11012,7,29,31.13319654,121.57286308,0,'2014-05-29 06:03:05','2014-05-29 06:03:07'),(11013,7,29,31.13317115,121.57287066,0,'2014-05-29 06:03:19','2014-05-29 06:03:20'),(11014,7,29,31.13318657,121.57287722,0,'2014-05-29 06:03:26','2014-05-29 06:03:27'),(11015,7,29,31.13337089,121.57273919,337,'2014-05-29 06:03:34','2014-05-29 06:03:35'),(11016,7,29,31.13396387,121.57283395,93,'2014-05-29 06:03:46','2014-05-29 06:03:47'),(11017,7,29,31.13409328,121.57334820,82,'2014-05-29 06:03:53','2014-05-29 06:03:54'),(11018,7,29,31.13411222,121.57357135,99,'2014-05-29 06:04:00','2014-05-29 06:04:01'),(11019,7,29,31.13411222,121.57357135,99,'2014-05-29 06:04:07','2014-05-29 06:04:08'),(11020,7,29,31.13434728,121.57364728,10,'2014-05-29 06:04:16','2014-05-29 06:04:17'),(11021,7,29,31.13489213,121.57368047,358,'2014-05-29 06:04:21','2014-05-29 06:04:22'),(11022,7,29,31.13543750,121.57369200,359,'2014-05-29 06:04:28','2014-05-29 06:04:29'),(11023,7,29,31.13664430,121.57356435,353,'2014-05-29 06:04:41','2014-05-29 06:04:42'),(11024,7,29,31.13714170,121.57257633,264,'2014-05-29 06:04:57','2014-05-29 06:04:58'),(11025,7,29,31.13716665,121.57027960,267,'2014-05-29 06:05:12','2014-05-29 06:05:13'),(11026,7,29,31.13759351,121.56894683,339,'2014-05-29 06:05:26','2014-05-29 06:05:27'),(11027,7,29,31.13943623,121.56813096,339,'2014-05-29 06:05:42','2014-05-29 06:05:43'),(11028,7,29,31.14006942,121.56787054,338,'2014-05-29 06:05:48','2014-05-29 06:05:49'),(11029,7,29,31.14051265,121.56763294,321,'2014-05-29 06:06:05','2014-05-29 06:06:06'),(11030,7,29,31.14051265,121.56763294,321,'2014-05-29 06:06:12','2014-05-29 06:06:13'),(11031,7,29,31.14121022,121.56729214,339,'2014-05-29 06:06:26','2014-05-29 06:06:27'),(11032,7,29,31.14183353,121.56701079,337,'2014-05-29 06:06:34','2014-05-29 06:06:35'),(11033,7,29,31.14294771,121.56643834,332,'2014-05-29 06:06:45','2014-05-29 06:06:46'),(11034,7,29,31.14357719,121.56603663,330,'2014-05-29 06:06:52','2014-05-29 06:06:53'),(11035,7,29,31.14385834,121.56585498,328,'2014-05-29 06:06:59','2014-05-29 06:07:00'),(11036,7,29,31.14385834,121.56585498,328,'2014-05-29 06:07:06','2014-05-29 06:07:07'),(11037,7,29,31.14385834,121.56585498,328,'2014-05-29 06:07:13','2014-05-29 06:07:14'),(11038,7,29,31.14385834,121.56585498,328,'2014-05-29 06:07:20','2014-05-29 06:07:21'),(11039,7,29,31.14385834,121.56585498,328,'2014-05-29 06:07:27','2014-05-29 06:07:28'),(11040,7,29,31.14394008,121.56574570,309,'2014-05-29 06:07:34','2014-05-29 06:07:35'),(11041,7,29,31.14386650,121.56509365,243,'2014-05-29 06:07:39','2014-05-29 06:07:40'),(11042,7,29,31.14355692,121.56432729,241,'2014-05-29 06:07:46','2014-05-29 06:07:47'),(11043,7,29,31.14339507,121.56357151,286,'2014-05-29 06:07:53','2014-05-29 06:07:54'),(11044,7,29,31.14391684,121.56333218,357,'2014-05-29 06:07:59','2014-05-29 06:08:00'),(11045,7,29,31.14465032,121.56336758,0,'2014-05-29 06:08:06','2014-05-29 06:08:07'),(11046,7,29,31.14630603,121.56345587,15,'2014-05-29 06:08:19','2014-05-29 06:08:20'),(11047,7,29,31.14656937,121.56391577,83,'2014-05-29 06:08:27','2014-05-29 06:08:28'),(11048,7,29,31.14668414,121.56589172,83,'2014-05-29 06:08:40','2014-05-29 06:08:41'),(11049,7,29,31.14682093,121.56743323,83,'2014-05-29 06:08:48','2014-05-29 06:08:49'),(11050,7,29,31.14713430,121.57003874,79,'2014-05-29 06:08:59','2014-05-29 06:09:01'),(11051,7,29,31.14739893,121.57212828,84,'2014-05-29 06:09:09','2014-05-29 06:09:10'),(11052,7,29,31.14751487,121.57353883,83,'2014-05-29 06:09:14','2014-05-29 06:09:15'),(11053,7,29,31.14767891,121.57527104,82,'2014-05-29 06:09:22','2014-05-29 06:09:23'),(11054,7,29,31.14789112,121.57734049,83,'2014-05-29 06:09:30','2014-05-29 06:09:31'),(11055,7,29,31.14802990,121.57916892,84,'2014-05-29 06:09:37','2014-05-29 06:09:38'),(11056,7,29,31.14823302,121.58124642,83,'2014-05-29 06:09:45','2014-05-29 06:09:46'),(11057,7,29,31.14846798,121.58354528,83,'2014-05-29 06:09:54','2014-05-29 06:09:55'),(11058,7,29,31.14861233,121.58506576,83,'2014-05-29 06:09:59','2014-05-29 06:10:00'),(11059,7,29,31.14874635,121.58688188,87,'2014-05-29 06:10:07','2014-05-29 06:10:08'),(11060,7,29,31.14862087,121.58876965,102,'2014-05-29 06:10:14','2014-05-29 06:10:16'),(11061,7,29,31.14829317,121.59064607,82,'2014-05-29 06:10:23','2014-05-29 06:10:24'),(11062,7,29,31.14897510,121.59170414,29,'2014-05-29 06:10:29','2014-05-29 06:10:30'),(11063,7,29,31.15034558,121.59163331,326,'2014-05-29 06:10:38','2014-05-29 06:10:39'),(11064,7,29,31.15132865,121.59060345,319,'2014-05-29 06:10:44','2014-05-29 06:10:45'),(11065,7,29,31.15276125,121.58960580,334,'2014-05-29 06:10:54','2014-05-29 06:10:55'),(11066,7,29,31.15372740,121.58908163,339,'2014-05-29 06:10:59','2014-05-29 06:11:00'),(11067,7,29,31.15495118,121.58861908,340,'2014-05-29 06:11:08','2014-05-29 06:11:09'),(11068,7,29,31.15579889,121.58831195,345,'2014-05-29 06:11:14','2014-05-29 06:11:16'),(11069,7,29,31.15654892,121.58805544,342,'2014-05-29 06:11:23','2014-05-29 06:11:24'),(11070,7,29,31.15714527,121.58781064,341,'2014-05-29 06:11:29','2014-05-29 06:11:30'),(11071,7,29,31.15780186,121.58757742,349,'2014-05-29 06:11:37','2014-05-29 06:11:38'),(11072,7,29,31.15854523,121.58739296,344,'2014-05-29 06:11:44','2014-05-29 06:11:46'),(11073,7,29,31.15929301,121.58709731,342,'2014-05-29 06:11:52','2014-05-29 06:11:53'),(11074,7,29,31.16015458,121.58681219,346,'2014-05-29 06:11:59','2014-05-29 06:12:00'),(11075,7,29,31.16102609,121.58651161,339,'2014-05-29 06:12:07','2014-05-29 06:12:08'),(11076,7,29,31.16297568,121.58569116,341,'2014-05-29 06:12:20','2014-05-29 06:12:21'),(11077,7,29,31.16418042,121.58514840,336,'2014-05-29 06:12:27','2014-05-29 06:12:28'),(11078,7,29,31.16499172,121.58472478,338,'2014-05-29 06:12:35','2014-05-29 06:12:36'),(11079,7,29,31.16603166,121.58424843,340,'2014-05-29 06:12:43','2014-05-29 06:12:44'),(11080,7,29,31.16691414,121.58382339,331,'2014-05-29 06:12:49','2014-05-29 06:12:50'),(11081,7,29,31.16801768,121.58329399,338,'2014-05-29 06:12:57','2014-05-29 06:12:58'),(11082,7,29,31.16938793,121.58259672,338,'2014-05-29 06:13:04','2014-05-29 06:13:05'),(11083,7,29,31.17060557,121.58199168,337,'2014-05-29 06:13:12','2014-05-29 06:13:13'),(11084,7,29,31.17209849,121.58132486,338,'2014-05-29 06:13:19','2014-05-29 06:13:21'),(11085,7,29,31.17349827,121.58075503,339,'2014-05-29 06:13:27','2014-05-29 06:13:28'),(11086,7,29,31.17513757,121.58003680,339,'2014-05-29 06:13:34','2014-05-29 06:13:35'),(11087,7,29,31.17686538,121.57932262,342,'2014-05-29 06:13:43','2014-05-29 06:13:44'),(11088,7,29,31.17944758,121.57860631,347,'2014-05-29 06:13:55','2014-05-29 06:13:56'),(11089,7,29,31.18139412,121.57810311,348,'2014-05-29 06:14:03','2014-05-29 06:14:04'),(11090,7,29,31.18267601,121.57774482,346,'2014-05-29 06:14:10','2014-05-29 06:14:11'),(11091,7,29,31.18420717,121.57731169,345,'2014-05-29 06:14:18','2014-05-29 06:14:19'),(11092,7,29,31.18545805,121.57700546,346,'2014-05-29 06:14:24','2014-05-29 06:14:25'),(11093,7,29,31.18687143,121.57667447,347,'2014-05-29 06:14:32','2014-05-29 06:14:33'),(11094,7,29,31.18851238,121.57623455,347,'2014-05-29 06:14:39','2014-05-29 06:14:41'),(11095,7,29,31.19017040,121.57578581,346,'2014-05-29 06:14:48','2014-05-29 06:14:49'),(11096,7,29,31.19157741,121.57540802,347,'2014-05-29 06:14:54','2014-05-29 06:14:55'),(11097,7,29,31.19323396,121.57498511,347,'2014-05-29 06:15:03','2014-05-29 06:15:04'),(11098,7,29,31.19467865,121.57462229,347,'2014-05-29 06:15:10','2014-05-29 06:15:11'),(11099,7,29,31.19645970,121.57416242,346,'2014-05-29 06:15:18','2014-05-29 06:15:19'),(11100,7,29,31.19805146,121.57373868,347,'2014-05-29 06:15:25','2014-05-29 06:15:26'),(11101,7,29,31.20012198,121.57321402,347,'2014-05-29 06:15:34','2014-05-29 06:15:35'),(11102,7,29,31.20152017,121.57285004,346,'2014-05-29 06:15:42','2014-05-29 06:15:43'),(11103,7,29,31.20316727,121.57244616,348,'2014-05-29 06:15:54','2014-05-29 06:15:55'),(11104,7,29,31.20517266,121.57194764,348,'2014-05-29 06:16:06','2014-05-29 06:16:07'),(11105,7,29,31.20707734,121.57149757,348,'2014-05-29 06:16:09','2014-05-29 06:16:10'),(11106,7,29,31.20845753,121.57121177,349,'2014-05-29 06:16:17','2014-05-29 06:16:18'),(11107,7,29,31.21000346,121.57081817,353,'2014-05-29 06:16:24','2014-05-29 06:16:25'),(11108,7,29,31.21140403,121.57043257,347,'2014-05-29 06:16:32','2014-05-29 06:16:33'),(11109,7,29,31.21300987,121.57007680,347,'2014-05-29 06:16:40','2014-05-29 06:16:41'),(11110,7,29,31.21458784,121.56967771,347,'2014-05-29 06:16:49','2014-05-29 06:16:50'),(11111,7,29,31.21692678,121.56908280,349,'2014-05-29 06:17:03','2014-05-29 06:17:04'),(11112,7,29,31.21877559,121.56865691,350,'2014-05-29 06:17:10','2014-05-29 06:17:11'),(11113,7,29,31.22050742,121.56822708,348,'2014-05-29 06:17:19','2014-05-29 06:17:20'),(11114,7,29,31.22165322,121.56798546,350,'2014-05-29 06:17:24','2014-05-29 06:17:25'),(11115,7,29,31.22290765,121.56773188,348,'2014-05-29 06:17:32','2014-05-29 06:17:33'),(11116,7,29,31.22438848,121.56740611,349,'2014-05-29 06:17:39','2014-05-29 06:17:40'),(11117,7,29,31.22570570,121.56709096,345,'2014-05-29 06:17:47','2014-05-29 06:17:48'),(11118,7,29,31.22715127,121.56670648,347,'2014-05-29 06:17:55','2014-05-29 06:17:56'),(11119,7,29,31.22871844,121.56628414,345,'2014-05-29 06:18:17','2014-05-29 06:18:18'),(11120,7,29,31.22871844,121.56628414,345,'2014-05-29 06:18:25','2014-05-29 06:18:26'),(11121,7,29,31.22871844,121.56628414,345,'2014-05-29 06:18:33','2014-05-29 06:18:34'),(11122,7,29,31.22871844,121.56628414,345,'2014-05-29 06:18:41','2014-05-29 06:18:42'),(11123,7,29,31.22627976,121.55928396,15,'2014-05-29 06:20:49','2014-05-29 06:20:50'),(11124,7,29,31.22625798,121.55888769,245,'2014-05-29 06:20:56','2014-05-29 06:20:57'),(11125,7,29,31.22570254,121.55741200,243,'2014-05-29 06:21:09','2014-05-29 06:21:10'),(11126,7,29,31.22518172,121.55657909,245,'2014-05-29 06:21:17','2014-05-29 06:21:18'),(11127,7,29,31.22494895,121.55601895,245,'2014-05-29 06:21:23','2014-05-29 06:21:24'),(11128,7,29,31.22491678,121.55590101,244,'2014-05-29 06:21:33','2014-05-29 06:21:34'),(11129,7,29,31.22494450,121.55581150,244,'2014-05-29 06:21:38','2014-05-29 06:21:39'),(11130,7,29,31.22494450,121.55581150,244,'2014-05-29 06:21:46','2014-05-29 06:21:47'),(11131,7,29,31.22494450,121.55581150,244,'2014-05-29 06:21:55','2014-05-29 06:21:56'),(17235,7,29,31.13356375,121.57295373,168,'2014-05-31 10:33:52','2014-05-31 10:33:53'),(17239,7,29,31.13391781,121.57261631,0,'2014-05-31 10:34:02','2014-05-31 10:34:03'),(17952,7,29,31.13328795,121.57309531,0,'2014-05-31 11:26:22','2014-05-31 11:26:23'),(17953,7,29,31.13328795,121.57309531,0,'2014-05-31 11:26:30','2014-05-31 11:26:31'),(17954,7,29,31.13361558,121.57281081,0,'2014-05-31 11:26:44','2014-05-31 11:26:45'),(17955,7,29,31.13399663,121.57286026,71,'2014-05-31 11:26:59','2014-05-31 11:27:00'),(17956,7,29,31.13410913,121.57333612,74,'2014-05-31 11:27:06','2014-05-31 11:27:07'),(17957,7,29,31.13415967,121.57363374,7,'2014-05-31 11:27:19','2014-05-31 11:27:20'),(17958,7,29,31.13720071,121.56995217,266,'2014-05-31 11:28:36','2014-05-31 11:28:37'),(17959,7,29,31.13717393,121.56948936,266,'2014-05-31 11:28:41','2014-05-31 11:28:42'),(17960,7,29,31.13717430,121.56947024,267,'2014-05-31 11:28:50','2014-05-31 11:28:51'),(17961,7,29,31.13717430,121.56947024,267,'2014-05-31 11:28:57','2014-05-31 11:28:58'),(17962,7,29,31.13715239,121.56934192,266,'2014-05-31 11:29:04','2014-05-31 11:29:05'),(17963,7,29,31.13776692,121.56881974,338,'2014-05-31 11:29:17','2014-05-31 11:29:18'),(17964,7,29,31.13852934,121.56849430,338,'2014-05-31 11:29:24','2014-05-31 11:29:25'),(17965,7,29,31.13909379,121.56825205,340,'2014-05-31 11:29:31','2014-05-31 11:29:32'),(17966,7,29,31.13996412,121.56788106,340,'2014-05-31 11:29:45','2014-05-31 11:29:46'),(17967,7,29,31.14013559,121.56781209,336,'2014-05-31 11:29:54','2014-05-31 11:29:55'),(17968,7,29,31.14013559,121.56781209,336,'2014-05-31 11:30:01','2014-05-31 11:30:02'),(17969,7,29,31.14013559,121.56781209,336,'2014-05-31 11:30:11','2014-05-31 11:30:12'),(17970,7,29,31.14013559,121.56781209,336,'2014-05-31 11:30:18','2014-05-31 11:30:19'),(17971,7,29,31.14036088,121.56769889,340,'2014-05-31 11:30:27','2014-05-31 11:30:28'),(17972,7,29,31.14108975,121.56739069,339,'2014-05-31 11:30:42','2014-05-31 11:30:43'),(17973,7,29,31.14194205,121.56702525,339,'2014-05-31 11:30:56','2014-05-31 11:30:57'),(17974,7,29,31.14259353,121.56671164,335,'2014-05-31 11:31:03','2014-05-31 11:31:04'),(17975,7,29,31.14309951,121.56635998,331,'2014-05-31 11:31:12','2014-05-31 11:31:13'),(17976,7,29,31.14350580,121.56604904,330,'2014-05-31 11:31:18','2014-05-31 11:31:19'),(17977,7,29,31.14350580,121.56604904,330,'2014-05-31 11:31:25','2014-05-31 11:31:26'),(17978,7,29,31.14350580,121.56604904,330,'2014-05-31 11:31:32','2014-05-31 11:31:33'),(17979,7,29,31.14358037,121.56600934,331,'2014-05-31 11:31:39','2014-05-31 11:31:40'),(17980,7,29,31.14397973,121.56573416,331,'2014-05-31 11:31:47','2014-05-31 11:31:48'),(17981,7,29,31.14400890,121.56506513,245,'2014-05-31 11:31:59','2014-05-31 11:32:00'),(17982,7,29,31.14381474,121.56445352,243,'2014-05-31 11:32:06','2014-05-31 11:32:07'),(17983,7,29,31.14358527,121.56386078,243,'2014-05-31 11:32:12','2014-05-31 11:32:14'),(17984,7,29,31.14361514,121.56341772,306,'2014-05-31 11:32:18','2014-05-31 11:32:19'),(17985,7,29,31.14412065,121.56331910,357,'2014-05-31 11:32:25','2014-05-31 11:32:26'),(17986,7,29,31.14491882,121.56331525,1,'2014-05-31 11:32:32','2014-05-31 11:32:33'),(17987,7,29,31.14575380,121.56335576,359,'2014-05-31 11:32:38','2014-05-31 11:32:39'),(17988,7,29,31.14643530,121.56340443,23,'2014-05-31 11:32:45','2014-05-31 11:32:46'),(17989,7,29,31.14661092,121.56418159,83,'2014-05-31 11:32:52','2014-05-31 11:32:53'),(17990,7,29,31.14685797,121.56633771,83,'2014-05-31 11:33:04','2014-05-31 11:33:05'),(17991,7,29,31.14700072,121.56773790,83,'2014-05-31 11:33:11','2014-05-31 11:33:12'),(17992,7,29,31.14715411,121.56908932,82,'2014-05-31 11:33:18','2014-05-31 11:33:19'),(17993,7,29,31.14730330,121.57036542,80,'2014-05-31 11:33:23','2014-05-31 11:33:24'),(17994,7,29,31.14747290,121.57200178,83,'2014-05-31 11:33:31','2014-05-31 11:33:32'),(17995,7,29,31.14763092,121.57371971,83,'2014-05-31 11:33:38','2014-05-31 11:33:39'),(17996,7,29,31.14787342,121.57638691,84,'2014-05-31 11:33:49','2014-05-31 11:33:50'),(17997,7,29,31.14804682,121.57761173,83,'2014-05-31 11:33:55','2014-05-31 11:33:56'),(17998,7,29,31.14817077,121.57868860,82,'2014-05-31 11:34:02','2014-05-31 11:34:03'),(17999,7,29,31.14835253,121.58017797,83,'2014-05-31 11:34:08','2014-05-31 11:34:09'),(18000,7,29,31.14850154,121.58187039,83,'2014-05-31 11:34:16','2014-05-31 11:34:17'),(18001,7,29,31.14866953,121.58365953,85,'2014-05-31 11:34:23','2014-05-31 11:34:24'),(18002,7,29,31.14884024,121.58610054,84,'2014-05-31 11:34:34','2014-05-31 11:34:35'),(18003,7,29,31.14886847,121.58772112,94,'2014-05-31 11:34:41','2014-05-31 11:34:42'),(18004,7,29,31.14863721,121.58910240,107,'2014-05-31 11:34:47','2014-05-31 11:34:49'),(18005,7,29,31.14836069,121.58998957,109,'2014-05-31 11:34:54','2014-05-31 11:34:55'),(18006,7,29,31.14840579,121.59087153,74,'2014-05-31 11:35:01','2014-05-31 11:35:02'),(18007,7,29,31.14912514,121.59180959,25,'2014-05-31 11:35:07','2014-05-31 11:35:08'),(18008,7,29,31.15051947,121.59153337,319,'2014-05-31 11:35:19','2014-05-31 11:35:20'),(18009,7,29,31.15127520,121.59068970,317,'2014-05-31 11:35:26','2014-05-31 11:35:27'),(18010,7,29,31.15217008,121.58995440,329,'2014-05-31 11:35:33','2014-05-31 11:35:34'),(18011,7,29,31.15348172,121.58921194,343,'2014-05-31 11:35:44','2014-05-31 11:35:45'),(18012,7,29,31.15434551,121.58890472,342,'2014-05-31 11:35:51','2014-05-31 11:35:52'),(18013,7,29,31.15495019,121.58868723,344,'2014-05-31 11:35:58','2014-05-31 11:35:59'),(18014,7,29,31.15570079,121.58842555,343,'2014-05-31 11:36:04','2014-05-31 11:36:05'),(18015,7,29,31.15629753,121.58822649,347,'2014-05-31 11:36:10','2014-05-31 11:36:11'),(18016,7,29,31.15649682,121.58816120,340,'2014-05-31 11:36:17','2014-05-31 11:36:18'),(18017,7,29,31.15649554,121.58816184,340,'2014-05-31 11:36:23','2014-05-31 11:36:25'),(18018,7,29,31.15647073,121.58817503,340,'2014-05-31 11:36:30','2014-05-31 11:36:31'),(18019,7,29,31.15670083,121.58808863,339,'2014-05-31 11:36:37','2014-05-31 11:36:38'),(18020,7,29,31.15751398,121.58781407,344,'2014-05-31 11:36:44','2014-05-31 11:36:45'),(18021,7,29,31.15846380,121.58750003,343,'2014-05-31 11:36:50','2014-05-31 11:36:51'),(18022,7,29,31.15926916,121.58722210,343,'2014-05-31 11:36:57','2014-05-31 11:36:58'),(18023,7,29,31.16043755,121.58681627,341,'2014-05-31 11:37:04','2014-05-31 11:37:05'),(18024,7,29,31.16167331,121.58629476,339,'2014-05-31 11:37:10','2014-05-31 11:37:11'),(18025,7,29,31.16276567,121.58584832,340,'2014-05-31 11:37:17','2014-05-31 11:37:18'),(18026,7,29,31.16397436,121.58534378,338,'2014-05-31 11:37:25','2014-05-31 11:37:26'),(18027,7,29,31.16485354,121.58492103,338,'2014-05-31 11:37:30','2014-05-31 11:37:32'),(18028,7,29,31.16515912,121.58478631,339,'2014-05-31 11:37:37','2014-05-31 11:37:38'),(18029,7,29,31.16532845,121.58471190,337,'2014-05-31 11:37:44','2014-05-31 11:37:45'),(18030,7,29,31.16544034,121.58467193,338,'2014-05-31 11:37:51','2014-05-31 11:37:52'),(18031,7,29,31.16563028,121.58456063,340,'2014-05-31 11:37:58','2014-05-31 11:37:59'),(18032,7,29,31.16576873,121.58448338,338,'2014-05-31 11:38:05','2014-05-31 11:38:06'),(18033,7,29,31.16594902,121.58440870,339,'2014-05-31 11:38:11','2014-05-31 11:38:12'),(18034,7,29,31.16623617,121.58430241,340,'2014-05-31 11:38:18','2014-05-31 11:38:19'),(18035,7,29,31.16656531,121.58407933,320,'2014-05-31 11:38:25','2014-05-31 11:38:26'),(18036,7,29,31.16712418,121.58377083,339,'2014-05-31 11:38:30','2014-05-31 11:38:31'),(18037,7,29,31.16790484,121.58344166,339,'2014-05-31 11:38:37','2014-05-31 11:38:38'),(18038,7,29,31.16897895,121.58299460,339,'2014-05-31 11:38:44','2014-05-31 11:38:45'),(18039,7,29,31.17009805,121.58241318,337,'2014-05-31 11:38:51','2014-05-31 11:38:52'),(18040,7,29,31.17128500,121.58186044,338,'2014-05-31 11:38:58','2014-05-31 11:38:59'),(18041,7,29,31.17262956,121.58128850,338,'2014-05-31 11:39:06','2014-05-31 11:39:07'),(18042,7,29,31.17385362,121.58071860,339,'2014-05-31 11:39:10','2014-05-31 11:39:11'),(18043,7,29,31.17500934,121.58019430,339,'2014-05-31 11:39:17','2014-05-31 11:39:18'),(18044,7,29,31.17630564,121.57966079,341,'2014-05-31 11:39:24','2014-05-31 11:39:25'),(18045,7,29,31.17748921,121.57926186,341,'2014-05-31 11:39:30','2014-05-31 11:39:31'),(18046,7,29,31.17856186,121.57887528,345,'2014-05-31 11:39:37','2014-05-31 11:39:38'),(18047,7,29,31.18003478,121.57847422,347,'2014-05-31 11:39:45','2014-05-31 11:39:46'),(18048,7,29,31.18119128,121.57823706,348,'2014-05-31 11:39:50','2014-05-31 11:39:51'),(18049,7,29,31.18235353,121.57793184,346,'2014-05-31 11:39:57','2014-05-31 11:39:59'),(18050,7,29,31.18393349,121.57757436,346,'2014-05-31 11:40:04','2014-05-31 11:40:05'),(18051,7,29,31.18513265,121.57727253,347,'2014-05-31 11:40:10','2014-05-31 11:40:11'),(18052,7,29,31.18645167,121.57689991,346,'2014-05-31 11:40:18','2014-05-31 11:40:19'),(18053,7,29,31.18780447,121.57651408,346,'2014-05-31 11:40:25','2014-05-31 11:40:26'),(18054,7,29,31.18995387,121.57596658,347,'2014-05-31 11:40:36','2014-05-31 11:40:37'),(18055,7,29,31.19135551,121.57559970,347,'2014-05-31 11:40:43','2014-05-31 11:40:44'),(18056,7,29,31.19395533,121.57491830,347,'2014-05-31 11:40:56','2014-05-31 11:40:57'),(18057,7,29,31.19530511,121.57456611,346,'2014-05-31 11:41:04','2014-05-31 11:41:05'),(18058,7,29,31.19683027,121.57413692,347,'2014-05-31 11:41:11','2014-05-31 11:41:12'),(18059,7,29,31.19827434,121.57375521,346,'2014-05-31 11:41:20','2014-05-31 11:41:21'),(18060,7,29,31.19987952,121.57335848,348,'2014-05-31 11:41:26','2014-05-31 11:41:27'),(18061,7,29,31.20119447,121.57305868,347,'2014-05-31 11:41:33','2014-05-31 11:41:34'),(18062,7,29,31.20403108,121.57241126,351,'2014-05-31 11:41:48','2014-05-31 11:41:50'),(18063,7,29,31.20522241,121.57213440,348,'2014-05-31 11:41:59','2014-05-31 11:42:00'),(18064,7,29,31.20697113,121.57173296,348,'2014-05-31 11:42:06','2014-05-31 11:42:07'),(18065,7,29,31.20870884,121.57153088,2,'2014-05-31 11:42:15','2014-05-31 11:42:16'),(18066,7,29,31.20978876,121.57163483,7,'2014-05-31 11:42:25','2014-05-31 11:42:26'),(18067,7,29,31.21194109,121.57170309,331,'2014-05-31 11:42:39','2014-05-31 11:42:40'),(18068,7,29,31.21333346,121.57069320,340,'2014-05-31 11:42:46','2014-05-31 11:42:47'),(18069,7,29,31.21575465,121.56975446,339,'2014-05-31 11:43:01','2014-05-31 11:43:02'),(18070,7,29,31.21668913,121.56937479,339,'2014-05-31 11:43:09','2014-05-31 11:43:10'),(18071,7,29,31.21728510,121.56886828,315,'2014-05-31 11:43:24','2014-05-31 11:43:25'),(18072,7,29,31.21728510,121.56886828,315,'2014-05-31 11:43:32','2014-05-31 11:43:33'),(18073,7,29,31.21728510,121.56886828,315,'2014-05-31 11:43:42','2014-05-31 11:43:43'),(18074,7,29,31.21723865,121.56900980,315,'2014-05-31 11:43:58','2014-05-31 11:43:59'),(18075,7,29,31.21723865,121.56900980,315,'2014-05-31 11:44:08','2014-05-31 11:44:09'),(18076,7,29,31.21723865,121.56900980,315,'2014-05-31 11:44:15','2014-05-31 11:44:16'),(18077,7,29,31.21723865,121.56900980,315,'2014-05-31 11:44:22','2014-05-31 11:44:23'),(18078,7,29,31.21723865,121.56900980,315,'2014-05-31 11:44:32','2014-05-31 11:44:33'),(18079,7,29,31.21723865,121.56900980,315,'2014-05-31 11:44:39','2014-05-31 11:44:40'),(18080,7,29,31.21725583,121.56893862,304,'2014-05-31 11:44:48','2014-05-31 11:44:49'),(18081,7,29,31.21750347,121.56765249,258,'2014-05-31 11:45:04','2014-05-31 11:45:05'),(18082,7,29,31.21721755,121.56635394,257,'2014-05-31 11:45:11','2014-05-31 11:45:12'),(18083,7,29,31.21704790,121.56504788,259,'2014-05-31 11:45:21','2014-05-31 11:45:22'),(18084,7,29,31.21695749,121.56417615,259,'2014-05-31 11:45:30','2014-05-31 11:45:31'),(18085,7,29,31.21678477,121.56300055,259,'2014-05-31 11:45:36','2014-05-31 11:45:37'),(18086,7,29,31.21662585,121.56195409,259,'2014-05-31 11:45:43','2014-05-31 11:45:44'),(18087,7,29,31.21633096,121.56008269,259,'2014-05-31 11:46:00','2014-05-31 11:46:01'),(18088,7,29,31.21627161,121.55975002,260,'2014-05-31 11:46:05','2014-05-31 11:46:06'),(18089,7,29,31.21627161,121.55975002,260,'2014-05-31 11:46:15','2014-05-31 11:46:16'),(18090,7,29,31.21627161,121.55975002,260,'2014-05-31 11:46:23','2014-05-31 11:46:24'),(18382,7,29,31.13253300,121.57153400,0,'2014-06-06 06:52:11','2014-06-06 06:52:12'),(18383,7,29,31.13309345,121.57298430,153,'2014-06-06 06:52:18','2014-06-06 06:52:19'),(18384,7,29,31.13309518,121.57300433,0,'2014-06-06 06:52:19','2014-06-06 06:52:20'),(18385,7,29,31.13309518,121.57300433,0,'2014-06-06 06:52:20','2014-06-06 06:52:21'),(18386,7,29,31.13309518,121.57300433,0,'2014-06-06 06:52:21','2014-06-06 06:52:22'),(18387,7,29,31.13309518,121.57300433,0,'2014-06-06 06:52:22','2014-06-06 06:52:23'),(18388,7,29,31.13309518,121.57300433,0,'2014-06-06 06:52:24','2014-06-06 06:52:25'),(18389,7,29,31.13309518,121.57300433,0,'2014-06-06 06:52:25','2014-06-06 06:52:26'),(18390,7,29,31.13309518,121.57300433,0,'2014-06-06 06:52:26','2014-06-06 06:52:27'),(18391,7,29,31.13309518,121.57300433,0,'2014-06-06 06:52:27','2014-06-06 06:52:28'),(18392,7,29,31.13309518,121.57300433,0,'2014-06-06 06:52:28','2014-06-06 06:52:29'),(18393,7,29,31.13309518,121.57300433,0,'2014-06-06 06:52:29','2014-06-06 06:52:31'),(18394,7,29,31.13309518,121.57300433,0,'2014-06-06 06:52:31','2014-06-06 06:52:32'),(18395,7,29,31.13309518,121.57300433,0,'2014-06-06 06:52:32','2014-06-06 06:52:33'),(18396,7,29,31.13309518,121.57300433,0,'2014-06-06 06:52:33','2014-06-06 06:52:34'),(18397,7,29,31.13309518,121.57300433,0,'2014-06-06 06:52:34','2014-06-06 06:52:35'),(18398,7,29,31.13309518,121.57300433,0,'2014-06-06 06:52:35','2014-06-06 06:52:36'),(18399,7,29,31.13309518,121.57300433,0,'2014-06-06 06:52:37','2014-06-06 06:52:38'),(18400,7,29,31.13309518,121.57300433,0,'2014-06-06 06:52:38','2014-06-06 06:52:39'),(18401,7,29,31.13309518,121.57300433,0,'2014-06-06 06:52:39','2014-06-06 06:52:40'),(18402,7,29,31.13309518,121.57300433,0,'2014-06-06 06:52:40','2014-06-06 06:52:41'),(18403,7,29,31.13309518,121.57300433,0,'2014-06-06 06:52:41','2014-06-06 06:52:42'),(18404,7,29,31.13309518,121.57300433,0,'2014-06-06 06:52:42','2014-06-06 06:52:43'),(18405,7,29,31.13309518,121.57300433,0,'2014-06-06 06:52:44','2014-06-06 06:52:45'),(18406,7,29,31.13301193,121.57295175,0,'2014-06-06 06:52:45','2014-06-06 06:52:46'),(18407,7,29,31.13301193,121.57295175,0,'2014-06-06 06:52:46','2014-06-06 06:52:47'),(18408,7,29,31.13301193,121.57295175,0,'2014-06-06 06:52:47','2014-06-06 06:52:48'),(18409,7,29,31.13301193,121.57295175,0,'2014-06-06 06:52:48','2014-06-06 06:52:49'),(18410,7,29,31.13301193,121.57295175,0,'2014-06-06 06:52:50','2014-06-06 06:52:51'),(18411,7,29,31.13301193,121.57295175,0,'2014-06-06 06:52:51','2014-06-06 06:52:52'),(18412,7,29,31.13301193,121.57295175,0,'2014-06-06 06:52:52','2014-06-06 06:52:53'),(18413,7,29,31.13301643,121.57292663,0,'2014-06-06 06:52:53','2014-06-06 06:52:54'),(18414,7,29,31.13301639,121.57292624,0,'2014-06-06 06:52:54','2014-06-06 06:52:55'),(18415,7,29,31.13301649,121.57292659,0,'2014-06-06 06:52:55','2014-06-06 06:52:57'),(18416,7,29,31.13301656,121.57292666,0,'2014-06-06 06:52:57','2014-06-06 06:52:58'),(18417,7,29,31.13301652,121.57292607,0,'2014-06-06 06:52:58','2014-06-06 06:52:59'),(18418,7,29,31.13301650,121.57292566,0,'2014-06-06 06:52:59','2014-06-06 06:53:00'),(18419,7,29,31.13301587,121.57292151,0,'2014-06-06 06:53:00','2014-06-06 06:53:01'),(18420,7,29,31.13301504,121.57291729,0,'2014-06-06 06:53:02','2014-06-06 06:53:03'),(18421,7,29,31.13301422,121.57291317,0,'2014-06-06 06:53:03','2014-06-06 06:53:04'),(18422,7,29,31.13301333,121.57290883,0,'2014-06-06 06:53:04','2014-06-06 06:53:05'),(18423,7,29,31.13301244,121.57290434,0,'2014-06-06 06:53:05','2014-06-06 06:53:06'),(18424,7,29,31.13298867,121.57288537,0,'2014-06-06 06:53:06','2014-06-06 06:53:07'),(18425,7,29,31.13298149,121.57288082,0,'2014-06-06 06:53:07','2014-06-06 06:53:08'),(18426,7,29,31.13298589,121.57288333,0,'2014-06-06 06:53:09','2014-06-06 06:53:10'),(18427,7,29,31.13301193,121.57288773,0,'2014-06-06 06:53:10','2014-06-06 06:53:11'),(18428,7,29,31.13304074,121.57288898,0,'2014-06-06 06:53:11','2014-06-06 06:53:12'),(18429,7,29,31.13306384,121.57288856,0,'2014-06-06 06:53:12','2014-06-06 06:53:13'),(18430,7,29,31.13308299,121.57288665,0,'2014-06-06 06:53:13','2014-06-06 06:53:14'),(18431,7,29,31.13309663,121.57288459,0,'2014-06-06 06:53:14','2014-06-06 06:53:15'),(18432,7,29,31.13309663,121.57288459,0,'2014-06-06 06:53:16','2014-06-06 06:53:17'),(18433,7,29,31.13309663,121.57288459,0,'2014-06-06 06:53:17','2014-06-06 06:53:18'),(18434,7,29,31.13357239,121.57242486,0,'2014-06-06 06:53:18','2014-06-06 06:53:19'),(18435,7,29,31.13355136,121.57238972,0,'2014-06-06 06:53:19','2014-06-06 06:53:20'),(18436,7,29,31.13344280,121.57241713,0,'2014-06-06 06:53:20','2014-06-06 06:53:21'),(18437,7,29,31.13342402,121.57241654,0,'2014-06-06 06:53:22','2014-06-06 06:53:23'),(18438,7,29,31.13342768,121.57241390,340,'2014-06-06 06:53:23','2014-06-06 06:53:24'),(18439,7,29,31.13344678,121.57241450,344,'2014-06-06 06:53:24','2014-06-06 06:53:25'),(18440,7,29,31.13342888,121.57255139,344,'2014-06-06 06:53:25','2014-06-06 06:53:26'),(18441,7,29,31.13344733,121.57260855,339,'2014-06-06 06:53:26','2014-06-06 06:53:27'),(18442,7,29,31.13349322,121.57263992,347,'2014-06-06 06:53:27','2014-06-06 06:53:28'),(18443,7,29,31.13354592,121.57264506,345,'2014-06-06 06:53:29','2014-06-06 06:53:30'),(18444,7,29,31.13360448,121.57264448,345,'2014-06-06 06:53:30','2014-06-06 06:53:31'),(18445,7,29,31.13366732,121.57264242,345,'2014-06-06 06:53:31','2014-06-06 06:53:32'),(18446,7,29,31.13372228,121.57262594,336,'2014-06-06 06:53:32','2014-06-06 06:53:33'),(18447,7,29,31.13378446,121.57260337,337,'2014-06-06 06:53:33','2014-06-06 06:53:34'),(18448,7,29,31.13384085,121.57259113,341,'2014-06-06 06:53:34','2014-06-06 06:53:35'),(18449,7,29,31.13389358,121.57260452,5,'2014-06-06 06:53:36','2014-06-06 06:53:37'),(18450,7,29,31.13393683,121.57263255,21,'2014-06-06 06:53:37','2014-06-06 06:53:38'),(18451,7,29,31.13397651,121.57266215,21,'2014-06-06 06:53:38','2014-06-06 06:53:39'),(18452,7,29,31.13397887,121.57272342,90,'2014-06-06 06:53:39','2014-06-06 06:53:40'),(18453,7,29,31.13398409,121.57279135,89,'2014-06-06 06:53:40','2014-06-06 06:53:41'),(18454,7,29,31.13400655,121.57286479,74,'2014-06-06 06:53:41','2014-06-06 06:53:42'),(18455,7,29,31.13402664,121.57294646,79,'2014-06-06 06:53:43','2014-06-06 06:53:44'),(18456,7,29,31.13404371,121.57302923,79,'2014-06-06 06:53:44','2014-06-06 06:53:45'),(18457,7,29,31.13405533,121.57310444,81,'2014-06-06 06:53:45','2014-06-06 06:53:46'),(18458,7,29,31.13406571,121.57316905,80,'2014-06-06 06:53:46','2014-06-06 06:53:47'),(18459,7,29,31.13407556,121.57322838,81,'2014-06-06 06:53:47','2014-06-06 06:53:48'),(18460,7,29,31.13408343,121.57328485,80,'2014-06-06 06:53:49','2014-06-06 06:53:50'),(18461,7,29,31.13409117,121.57333352,81,'2014-06-06 06:53:50','2014-06-06 06:53:51'),(18462,7,29,31.13409736,121.57337741,79,'2014-06-06 06:53:51','2014-06-06 06:53:52'),(18463,7,29,31.13409917,121.57343178,82,'2014-06-06 06:53:52','2014-06-06 06:53:53'),(18464,7,29,31.13409917,121.57343178,82,'2014-06-06 06:53:53','2014-06-06 06:53:54'),(18465,7,29,31.13409639,121.57346109,94,'2014-06-06 06:53:54','2014-06-06 06:53:55'),(18466,7,29,31.13409639,121.57346109,94,'2014-06-06 06:53:56','2014-06-06 06:53:57'),(18467,7,29,31.13409639,121.57346109,94,'2014-06-06 06:53:57','2014-06-06 06:53:58'),(18468,7,29,31.13409096,121.57350625,72,'2014-06-06 06:53:58','2014-06-06 06:53:59'),(18469,7,29,31.13409430,121.57354681,88,'2014-06-06 06:53:59','2014-06-06 06:54:00'),(18470,7,29,31.13410579,121.57357381,73,'2014-06-06 06:54:00','2014-06-06 06:54:01'),(18471,7,29,31.13412027,121.57360292,69,'2014-06-06 06:54:01','2014-06-06 06:54:02'),(18472,7,29,31.13413958,121.57364500,66,'2014-06-06 06:54:03','2014-06-06 06:54:04'),(18473,7,29,31.13416259,121.57369355,65,'2014-06-06 06:54:04','2014-06-06 06:54:05'),(18474,7,29,31.13420394,121.57371312,12,'2014-06-06 06:54:05','2014-06-06 06:54:06'),(18475,7,29,31.13425510,121.57372655,9,'2014-06-06 06:54:06','2014-06-06 06:54:07'),(18476,7,29,31.13432729,121.57372135,352,'2014-06-06 06:54:07','2014-06-06 06:54:08'),(18477,7,29,31.13440055,121.57370771,353,'2014-06-06 06:54:08','2014-06-06 06:54:09'),(18478,7,29,31.13447167,121.57369183,353,'2014-06-06 06:54:10','2014-06-06 06:54:11'),(18479,7,29,31.13454733,121.57367706,355,'2014-06-06 06:54:11','2014-06-06 06:54:12'),(18480,7,29,31.13462040,121.57366837,357,'2014-06-06 06:54:12','2014-06-06 06:54:13'),(18481,7,29,31.13469944,121.57366809,359,'2014-06-06 06:54:13','2014-06-06 06:54:14'),(18482,7,29,31.13477582,121.57366989,0,'2014-06-06 06:54:14','2014-06-06 06:54:15'),(18483,7,29,31.13485092,121.57366873,1,'2014-06-06 06:54:15','2014-06-06 06:54:16'),(18484,7,29,31.13493212,121.57367370,0,'2014-06-06 06:54:17','2014-06-06 06:54:18'),(18485,7,29,31.13588894,121.57367786,357,'2014-06-06 06:54:21','2014-06-06 06:54:22'),(18486,7,29,31.13596094,121.57366882,356,'2014-06-06 06:54:22','2014-06-06 06:54:24'),(18487,7,29,31.13602618,121.57365605,354,'2014-06-06 06:54:25','2014-06-06 06:54:26'),(18488,7,29,31.13608591,121.57364230,353,'2014-06-06 06:54:26','2014-06-06 06:54:27'),(18489,7,29,31.13718894,121.57103011,267,'2014-06-06 06:55:13','2014-06-06 06:55:15'),(18490,7,29,31.13718378,121.57094591,267,'2014-06-06 06:55:15','2014-06-06 06:55:16'),(18491,7,29,31.13717534,121.57085320,266,'2014-06-06 06:55:16','2014-06-06 06:55:17'),(18492,7,29,31.13716557,121.57074247,266,'2014-06-06 06:55:17','2014-06-06 06:55:18'),(18493,7,29,31.13715525,121.57063436,265,'2014-06-06 06:55:18','2014-06-06 06:55:19'),(18494,7,29,31.13714735,121.57053302,265,'2014-06-06 06:55:19','2014-06-06 06:55:20'),(18495,7,29,31.13713688,121.57043520,264,'2014-06-06 06:55:21','2014-06-06 06:55:22'),(18496,7,29,31.13712997,121.57034694,264,'2014-06-06 06:55:22','2014-06-06 06:55:23'),(18497,7,29,31.13712339,121.57026108,264,'2014-06-06 06:55:23','2014-06-06 06:55:24'),(18498,7,29,31.13712339,121.57026108,264,'2014-06-06 06:55:24','2014-06-06 06:55:25'),(18499,7,29,31.13711759,121.57017869,265,'2014-06-06 06:55:25','2014-06-06 06:55:26'),(18500,7,29,31.13711225,121.57009244,265,'2014-06-06 06:55:27','2014-06-06 06:55:28'),(18501,7,29,31.13710789,121.57000726,266,'2014-06-06 06:55:28','2014-06-06 06:55:29'),(18502,7,29,31.13710244,121.56991763,266,'2014-06-06 06:55:29','2014-06-06 06:55:30'),(18503,7,29,31.13709821,121.56981467,267,'2014-06-06 06:55:30','2014-06-06 06:55:31'),(18504,7,29,31.13709729,121.56973118,266,'2014-06-06 06:55:31','2014-06-06 06:55:32'),(18505,7,29,31.13709273,121.56966799,265,'2014-06-06 06:55:32','2014-06-06 06:55:33'),(18506,7,29,31.13709009,121.56959691,266,'2014-06-06 06:55:34','2014-06-06 06:55:35'),(18507,7,29,31.13709162,121.56953201,265,'2014-06-06 06:55:35','2014-06-06 06:55:36'),(18508,7,29,31.13709203,121.56946703,266,'2014-06-06 06:55:36','2014-06-06 06:55:37'),(18509,7,29,31.13708780,121.56939068,266,'2014-06-06 06:55:37','2014-06-06 06:55:38'),(18510,7,29,31.13708661,121.56931164,267,'2014-06-06 06:55:38','2014-06-06 06:55:39'),(18511,7,29,31.13708841,121.56923025,268,'2014-06-06 06:55:40','2014-06-06 06:55:41'),(18512,7,29,31.13709217,121.56914319,268,'2014-06-06 06:55:41','2014-06-06 06:55:42'),(18513,7,29,31.13709155,121.56904483,268,'2014-06-06 06:55:42','2014-06-06 06:55:43'),(18514,7,29,31.13708824,121.56894874,268,'2014-06-06 06:55:43','2014-06-06 06:55:44'),(18515,7,29,31.13708478,121.56885603,267,'2014-06-06 06:55:44','2014-06-06 06:55:45'),(18516,7,29,31.13708262,121.56876466,267,'2014-06-06 06:55:45','2014-06-06 06:55:46'),(18517,7,29,31.13707974,121.56867438,266,'2014-06-06 06:55:47','2014-06-06 06:55:48'),(18518,7,29,31.13707678,121.56858238,266,'2014-06-06 06:55:48','2014-06-06 06:55:49'),(18519,7,29,31.13707683,121.56849079,267,'2014-06-06 06:55:49','2014-06-06 06:55:50'),(18520,7,29,31.13707691,121.56840803,267,'2014-06-06 06:55:50','2014-06-06 06:55:51'),(18521,7,29,31.13707695,121.56832310,266,'2014-06-06 06:55:51','2014-06-06 06:55:52'),(18522,7,29,31.13707532,121.56823056,266,'2014-06-06 06:55:52','2014-06-06 06:55:53'),(18523,7,29,31.13707270,121.56812968,266,'2014-06-06 06:55:53','2014-06-06 06:55:55'),(18524,7,29,31.13706910,121.56802260,266,'2014-06-06 06:55:55','2014-06-06 06:55:56'),(18525,7,29,31.13706535,121.56791202,267,'2014-06-06 06:55:56','2014-06-06 06:55:57'),(18526,7,29,31.13706118,121.56779339,266,'2014-06-06 06:55:57','2014-06-06 06:55:58'),(18527,7,29,31.13705661,121.56766827,265,'2014-06-06 06:55:58','2014-06-06 06:55:59'),(18528,7,29,31.13704878,121.56754642,264,'2014-06-06 06:55:59','2014-06-06 06:56:00'),(18529,7,29,31.13704074,121.56742972,264,'2014-06-06 06:56:01','2014-06-06 06:56:02'),(18530,7,29,31.13704074,121.56742972,264,'2014-06-06 06:56:02','2014-06-06 06:56:03'),(18531,7,29,31.13703197,121.56731614,265,'2014-06-06 06:56:03','2014-06-06 06:56:04'),(18532,7,29,31.13702516,121.56719971,266,'2014-06-06 06:56:04','2014-06-06 06:56:05'),(18533,7,29,31.13701801,121.56707734,267,'2014-06-06 06:56:05','2014-06-06 06:56:06'),(18534,7,29,31.13701101,121.56695085,266,'2014-06-06 06:56:07','2014-06-06 06:56:08'),(18535,7,29,31.13700467,121.56683085,266,'2014-06-06 06:56:08','2014-06-06 06:56:09'),(18536,7,29,31.13699875,121.56671518,267,'2014-06-06 06:56:09','2014-06-06 06:56:10'),(18537,7,29,31.13699349,121.56659793,267,'2014-06-06 06:56:10','2014-06-06 06:56:11'),(18538,7,29,31.13698992,121.56648855,267,'2014-06-06 06:56:11','2014-06-06 06:56:12'),(18539,7,29,31.13698385,121.56635979,268,'2014-06-06 06:56:13','2014-06-06 06:56:14'),(18540,7,29,31.13697775,121.56623851,267,'2014-06-06 06:56:14','2014-06-06 06:56:15'),(18541,7,29,31.13696806,121.56611345,265,'2014-06-06 06:56:15','2014-06-06 06:56:16'),(18542,7,29,31.13696373,121.56599425,265,'2014-06-06 06:56:16','2014-06-06 06:56:17'),(18543,7,29,31.13696690,121.56589137,265,'2014-06-06 06:56:17','2014-06-06 06:56:18'),(18544,7,29,31.13697436,121.56578715,266,'2014-06-06 06:56:18','2014-06-06 06:56:19'),(18545,7,29,31.13698072,121.56568408,266,'2014-06-06 06:56:20','2014-06-06 06:56:21'),(18546,7,29,31.13698317,121.56557591,265,'2014-06-06 06:56:21','2014-06-06 06:56:22'),(18547,7,29,31.13698383,121.56546262,265,'2014-06-06 06:56:22','2014-06-06 06:56:23'),(18548,7,29,31.13698630,121.56535517,266,'2014-06-06 06:56:23','2014-06-06 06:56:24'),(18549,7,29,31.13699138,121.56524554,266,'2014-06-06 06:56:24','2014-06-06 06:56:25'),(18550,7,29,31.13699600,121.56513409,267,'2014-06-06 06:56:25','2014-06-06 06:56:26'),(18551,7,29,31.13699996,121.56502446,267,'2014-06-06 06:56:27','2014-06-06 06:56:28'),(18552,7,29,31.13700582,121.56491076,268,'2014-06-06 06:56:28','2014-06-06 06:56:29'),(18553,7,29,31.13701057,121.56480639,268,'2014-06-06 06:56:29','2014-06-06 06:56:30'),(18554,7,29,31.13701208,121.56470278,268,'2014-06-06 06:56:30','2014-06-06 06:56:31'),(18555,7,29,31.13701202,121.56460509,269,'2014-06-06 06:56:31','2014-06-06 06:56:32'),(18556,7,29,31.13701328,121.56453343,269,'2014-06-06 06:56:32','2014-06-06 06:56:33'),(18557,7,29,31.13701804,121.56448238,269,'2014-06-06 06:56:34','2014-06-06 06:56:35'),(18558,7,29,31.13702311,121.56443055,270,'2014-06-06 06:56:35','2014-06-06 06:56:36'),(18559,7,29,31.13702708,121.56437948,271,'2014-06-06 06:56:36','2014-06-06 06:56:37'),(18560,7,29,31.13702946,121.56433266,272,'2014-06-06 06:56:37','2014-06-06 06:56:38'),(18561,7,29,31.13702946,121.56433266,272,'2014-06-06 06:56:38','2014-06-06 06:56:39'),(18562,7,29,31.13702926,121.56429389,271,'2014-06-06 06:56:40','2014-06-06 06:56:41'),(18563,7,29,31.13702534,121.56425983,268,'2014-06-06 06:56:41','2014-06-06 06:56:42'),(18564,7,29,31.13701841,121.56423832,268,'2014-06-06 06:56:42','2014-06-06 06:56:43'),(18565,7,29,31.13701841,121.56423832,268,'2014-06-06 06:56:43','2014-06-06 06:56:44'),(18566,7,29,31.13701841,121.56423832,268,'2014-06-06 06:56:44','2014-06-06 06:56:45'),(18567,7,29,31.13698943,121.56418705,266,'2014-06-06 06:56:45','2014-06-06 06:56:46'),(18568,7,29,31.13697198,121.56411480,265,'2014-06-06 06:56:46','2014-06-06 06:56:48'),(18569,7,29,31.13695745,121.56404464,264,'2014-06-06 06:56:48','2014-06-06 06:56:49'),(18570,7,29,31.13694836,121.56395311,266,'2014-06-06 06:56:49','2014-06-06 06:56:50'),(18571,7,29,31.13694302,121.56385992,267,'2014-06-06 06:56:50','2014-06-06 06:56:51'),(18572,7,29,31.13694119,121.56376820,267,'2014-06-06 06:56:51','2014-06-06 06:56:52'),(18573,7,29,31.13694269,121.56367869,268,'2014-06-06 06:56:52','2014-06-06 06:56:53'),(18574,7,29,31.13694279,121.56358812,269,'2014-06-06 06:56:54','2014-06-06 06:56:55'),(18575,7,29,31.13694333,121.56349755,272,'2014-06-06 06:56:55','2014-06-06 06:56:56'),(18576,7,29,31.13694903,121.56341948,276,'2014-06-06 06:56:56','2014-06-06 06:56:57'),(18577,7,29,31.13696425,121.56335431,300,'2014-06-06 06:56:57','2014-06-06 06:56:58'),(18578,7,29,31.13699764,121.56329332,319,'2014-06-06 06:56:58','2014-06-06 06:56:59'),(18579,7,29,31.13704554,121.56325946,340,'2014-06-06 06:57:00','2014-06-06 06:57:01'),(18580,7,29,31.13710982,121.56324433,356,'2014-06-06 06:57:01','2014-06-06 06:57:02'),(18581,7,29,31.13717719,121.56323331,357,'2014-06-06 06:57:02','2014-06-06 06:57:03'),(18582,7,29,31.13725054,121.56322916,359,'2014-06-06 06:57:03','2014-06-06 06:57:04'),(18583,7,29,31.13732355,121.56322826,0,'2014-06-06 06:57:04','2014-06-06 06:57:05'),(18584,7,29,31.13740000,121.56322903,1,'2014-06-06 06:57:06','2014-06-06 06:57:07'),(18585,7,29,31.13748073,121.56323304,1,'2014-06-06 06:57:07','2014-06-06 06:57:08'),(18586,7,29,31.13756959,121.56323947,2,'2014-06-06 06:57:08','2014-06-06 06:57:09'),(18587,7,29,31.13766923,121.56324824,3,'2014-06-06 06:57:09','2014-06-06 06:57:10'),(18588,7,29,31.13777259,121.56325857,3,'2014-06-06 06:57:10','2014-06-06 06:57:11'),(18589,7,29,31.13787700,121.56326924,3,'2014-06-06 06:57:11','2014-06-06 06:57:12'),(18590,7,29,31.13796776,121.56327798,3,'2014-06-06 06:57:13','2014-06-06 06:57:14'),(18591,7,29,31.13804850,121.56328415,3,'2014-06-06 06:57:14','2014-06-06 06:57:15'),(18592,7,29,31.13804850,121.56328415,3,'2014-06-06 06:57:15','2014-06-06 06:57:16'),(18593,7,29,31.13812340,121.56329119,2,'2014-06-06 06:57:16','2014-06-06 06:57:17'),(18594,7,29,31.13819825,121.56329761,1,'2014-06-06 06:57:17','2014-06-06 06:57:18'),(18595,7,29,31.13826231,121.56330525,1,'2014-06-06 06:57:18','2014-06-06 06:57:19'),(18596,7,29,31.13831772,121.56331565,1,'2014-06-06 06:57:20','2014-06-06 06:57:21'),(18597,7,29,31.13835371,121.56332490,0,'2014-06-06 06:57:21','2014-06-06 06:57:22'),(18598,7,29,31.13838616,121.56333556,0,'2014-06-06 06:57:22','2014-06-06 06:57:23'),(18599,7,29,31.13838616,121.56333556,0,'2014-06-06 06:57:23','2014-06-06 06:57:24'),(18600,7,29,31.13722372,121.57169143,267,'2014-06-06 06:57:24','2014-06-06 06:57:25'),(18601,7,29,31.14153505,121.56325963,1,'2014-06-06 06:59:55','2014-06-06 06:59:56'),(18602,7,29,31.14153505,121.56325963,1,'2014-06-06 06:59:57','2014-06-06 06:59:58'),(18603,7,29,31.14335520,121.56324409,0,'2014-06-06 07:01:15','2014-06-06 07:01:16'),(18604,7,29,31.14370711,121.56324319,359,'2014-06-06 07:01:23','2014-06-06 07:01:24'),(18605,7,29,31.14378039,121.56324608,359,'2014-06-06 07:01:24','2014-06-06 07:01:25'),(18606,7,29,31.14386490,121.56325091,359,'2014-06-06 07:01:25','2014-06-06 07:01:26'),(18607,7,29,31.14395537,121.56325661,359,'2014-06-06 07:01:26','2014-06-06 07:01:27'),(18608,7,29,31.14404719,121.56326372,359,'2014-06-06 07:01:27','2014-06-06 07:01:28'),(18609,7,29,31.14460219,121.56328702,359,'2014-06-06 07:01:33','2014-06-06 07:01:34'),(18610,7,29,31.14652543,121.56341408,39,'2014-06-06 07:02:22','2014-06-06 07:02:23'),(18611,7,29,31.14652543,121.56341408,39,'2014-06-06 07:02:25','2014-06-06 07:02:26'),(18612,7,29,31.14652543,121.56341408,39,'2014-06-06 07:02:27','2014-06-06 07:02:28'),(18613,7,29,31.14668016,121.56448500,84,'2014-06-06 07:02:38','2014-06-06 07:02:39'),(18614,7,29,31.14669444,121.56464445,83,'2014-06-06 07:02:40','2014-06-06 07:02:41'),(18618,7,29,31.13253800,121.57157700,0,'2014-06-09 06:44:23','2014-06-09 06:44:24'),(18619,7,29,31.13268459,121.57319693,249,'2014-06-09 06:45:09','2014-06-09 06:45:10'),(18620,7,29,31.13293649,121.57292030,0,'2014-06-09 06:45:52','2014-06-09 06:45:53'),(18621,7,29,31.13327628,121.57269102,0,'2014-06-09 06:45:56','2014-06-09 06:45:57'),(18622,7,29,31.13358648,121.57247020,348,'2014-06-09 06:46:01','2014-06-09 06:46:02'),(18623,7,29,31.13394985,121.57266948,48,'2014-06-09 06:46:07','2014-06-09 06:46:08'),(18624,7,29,31.13404617,121.57310981,77,'2014-06-09 06:46:12','2014-06-09 06:46:13'),(18625,7,29,31.13408635,121.57358941,84,'2014-06-09 06:46:23','2014-06-09 06:46:24'),(18626,7,29,31.13444290,121.57377592,359,'2014-06-09 06:46:33','2014-06-09 06:46:34'),(18627,7,29,31.13494565,121.57377321,2,'2014-06-09 06:46:38','2014-06-09 06:46:39'),(18628,7,29,31.13730016,121.57344917,298,'2014-06-09 06:47:27','2014-06-09 06:47:28'),(18629,7,29,31.13733712,121.57293937,271,'2014-06-09 06:47:28','2014-06-09 06:47:29'),(18630,7,29,31.14878534,121.58518728,83,'2014-06-09 06:53:46','2014-06-09 06:53:47'),(18631,7,29,31.14881579,121.58580252,83,'2014-06-09 06:53:49','2014-06-09 06:53:50'),(18632,7,29,31.14886274,121.58633986,84,'2014-06-09 06:53:52','2014-06-09 06:53:53'),(18633,7,29,31.14889235,121.58694290,85,'2014-06-09 06:53:58','2014-06-09 06:53:59'),(18634,7,29,31.14887567,121.58755180,89,'2014-06-09 06:54:00','2014-06-09 06:54:01'),(18635,7,29,31.14881658,121.58800470,93,'2014-06-09 06:54:01','2014-06-09 06:54:02'),(18636,7,29,31.14877254,121.58865045,98,'2014-06-09 06:54:02','2014-06-09 06:54:03');
/*!40000 ALTER TABLE `real_time_positions` ENABLE KEYS */;
UNLOCK TABLES;

--
-- Table structure for table `user_notify_phone_history`
--

DROP TABLE IF EXISTS `user_notify_phone_history`;
/*!40101 SET @saved_cs_client     = @@character_set_client */;
/*!40101 SET character_set_client = utf8 */;
CREATE TABLE `user_notify_phone_history` (
  `id` int(10) unsigned NOT NULL AUTO_INCREMENT,
  `real_time_id` int(10) unsigned NOT NULL,
  `user_id` int(10) unsigned NOT NULL,
  `username` varchar(50) NOT NULL,
  `user_route_id` int(10) unsigned NOT NULL,
  `route_name` varchar(50) NOT NULL,
  `station_sequence` int(10) unsigned NOT NULL,
  `station_name` varchar(50) NOT NULL,
  `phone_number` char(11) NOT NULL,
  `created` datetime DEFAULT NULL,
  `modified` datetime DEFAULT NULL,
  PRIMARY KEY (`id`),
  UNIQUE KEY `UK_table1_id` (`id`),
  KEY `FK_user_notify_phone_history_real_time_positions_id` (`real_time_id`),
  CONSTRAINT `FK_user_notify_phone_history_real_time_positions_id` FOREIGN KEY (`real_time_id`) REFERENCES `real_time_positions` (`id`) ON DELETE CASCADE ON UPDATE CASCADE
) ENGINE=InnoDB DEFAULT CHARSET=utf8;
/*!40101 SET character_set_client = @saved_cs_client */;

--
-- Dumping data for table `user_notify_phone_history`
--

LOCK TABLES `user_notify_phone_history` WRITE;
/*!40000 ALTER TABLE `user_notify_phone_history` DISABLE KEYS */;
/*!40000 ALTER TABLE `user_notify_phone_history` ENABLE KEYS */;
UNLOCK TABLES;

--
-- Table structure for table `user_route_points`
--

DROP TABLE IF EXISTS `user_route_points`;
/*!40101 SET @saved_cs_client     = @@character_set_client */;
/*!40101 SET character_set_client = utf8 */;
CREATE TABLE `user_route_points` (
  `id` int(10) unsigned NOT NULL AUTO_INCREMENT,
  `user_route_id` int(10) unsigned NOT NULL,
  `sequence` int(10) unsigned NOT NULL,
  `latitude` decimal(12,8) NOT NULL,
  `longitude` decimal(12,8) NOT NULL,
  PRIMARY KEY (`id`),
  UNIQUE KEY `UK_user_route_points_id` (`id`),
  KEY `FK_user_route_points_user_routes_id` (`user_route_id`),
  CONSTRAINT `FK_user_route_points_user_routes_id` FOREIGN KEY (`user_route_id`) REFERENCES `user_routes` (`id`) ON DELETE CASCADE ON UPDATE CASCADE
) ENGINE=InnoDB AUTO_INCREMENT=149 DEFAULT CHARSET=utf8;
/*!40101 SET character_set_client = @saved_cs_client */;

--
-- Dumping data for table `user_route_points`
--

LOCK TABLES `user_route_points` WRITE;
/*!40000 ALTER TABLE `user_route_points` DISABLE KEYS */;
INSERT INTO `user_route_points` VALUES (28,8,1,31.20869060,121.53531075),(29,8,2,31.20178983,121.54303551),(30,8,3,31.18974899,121.54887199),(31,8,4,31.17080358,121.55608177),(32,8,5,31.16551582,121.55934334),(33,8,6,31.15023839,121.56260490),(110,25,1,31.25756886,121.51050568),(111,25,2,31.24876383,121.49848938),(112,25,3,31.24348042,121.48029327),(119,28,1,31.22146304,121.54092193),(120,28,2,31.21981153,121.53967738),(121,28,3,31.21920596,121.53804660),(122,28,4,31.21949957,121.53684497),(123,28,5,31.22043543,121.53602958),(124,28,6,31.21993998,121.53444171),(125,28,7,31.21900411,121.53388381),(126,28,8,31.21575603,121.53260708),(127,28,9,31.21432463,121.53731704),(128,28,10,31.20916776,121.53519273),(129,28,11,31.20439603,121.53369069),(130,28,12,31.19944052,121.53374434),(131,28,13,31.18963885,121.53580427),(132,28,14,31.18163524,121.53764963),(133,28,15,31.17337392,121.54069662),(134,28,16,31.16724172,121.54134035),(135,28,17,31.15549028,121.54155493),(136,28,18,31.14641865,121.54378653),(137,28,19,31.13499523,121.54717684),(138,28,20,31.13609723,121.55352831),(139,28,21,31.13664822,121.56318426),(140,28,22,31.13714411,121.57231450),(141,29,1,31.13718085,121.57231450),(142,29,2,31.13685025,121.56317353),(143,29,3,31.14652883,121.56339884),(144,29,4,31.14943038,121.59088612),(145,29,5,31.17983617,121.57852650),(146,29,6,31.21059924,121.57084465),(147,29,7,31.22865595,121.56638145),(148,29,8,31.22105934,121.54443026);
/*!40000 ALTER TABLE `user_route_points` ENABLE KEYS */;
UNLOCK TABLES;

--
-- Table structure for table `user_routes`
--

DROP TABLE IF EXISTS `user_routes`;
/*!40101 SET @saved_cs_client     = @@character_set_client */;
/*!40101 SET character_set_client = utf8 */;
CREATE TABLE `user_routes` (
  `id` int(10) unsigned NOT NULL AUTO_INCREMENT,
  `user_id` int(10) unsigned NOT NULL,
  `name` varchar(50) NOT NULL,
  `created` datetime DEFAULT NULL,
  `modified` datetime DEFAULT NULL,
  PRIMARY KEY (`id`),
  UNIQUE KEY `UK_user_routes_id` (`id`),
  KEY `FK_user_routes_user_accounts_id` (`user_id`),
  CONSTRAINT `FK_user_routes_user_accounts_id` FOREIGN KEY (`user_id`) REFERENCES `users` (`id`) ON DELETE CASCADE ON UPDATE CASCADE
) ENGINE=InnoDB AUTO_INCREMENT=30 DEFAULT CHARSET=utf8;
/*!40101 SET character_set_client = @saved_cs_client */;

--
-- Dumping data for table `user_routes`
--

LOCK TABLES `user_routes` WRITE;
/*!40000 ALTER TABLE `user_routes` DISABLE KEYS */;
INSERT INTO `user_routes` VALUES (8,6,'1','2014-03-30 12:57:54','2014-03-30 12:57:54'),(25,9,'lineyank','2014-04-12 02:02:14','2014-04-12 02:02:14'),(28,7,'','2014-05-03 10:16:59','2014-05-03 10:16:59'),(29,7,'','2014-05-28 22:04:56','2014-05-28 22:04:56');
/*!40000 ALTER TABLE `user_routes` ENABLE KEYS */;
UNLOCK TABLES;

--
-- Table structure for table `user_station_points`
--

DROP TABLE IF EXISTS `user_station_points`;
/*!40101 SET @saved_cs_client     = @@character_set_client */;
/*!40101 SET character_set_client = utf8 */;
CREATE TABLE `user_station_points` (
  `id` int(10) unsigned NOT NULL AUTO_INCREMENT,
  `user_route_id` int(10) unsigned NOT NULL,
  `sequence` int(10) unsigned NOT NULL,
  `name` varchar(50) DEFAULT NULL,
  `latitude` decimal(12,8) NOT NULL,
  `longitude` decimal(12,8) NOT NULL,
  PRIMARY KEY (`id`),
  UNIQUE KEY `UK_user_station_points_id` (`id`),
  KEY `FK_user_station_points_user_routes_id` (`user_route_id`),
  CONSTRAINT `FK_user_station_points_user_routes_id` FOREIGN KEY (`user_route_id`) REFERENCES `user_routes` (`id`) ON DELETE CASCADE ON UPDATE CASCADE
) ENGINE=InnoDB AUTO_INCREMENT=68 DEFAULT CHARSET=utf8;
/*!40101 SET character_set_client = @saved_cs_client */;

--
-- Dumping data for table `user_station_points`
--

LOCK TABLES `user_station_points` WRITE;
/*!40000 ALTER TABLE `user_station_points` DISABLE KEYS */;
INSERT INTO `user_station_points` VALUES (18,8,1,NULL,31.19576960,121.54612541),(19,8,2,NULL,31.17315361,121.55522346),(20,8,3,NULL,31.15141366,121.56226158),(57,25,1,'yank1',31.24891059,121.49763107),(62,28,1,'',31.19922027,121.53374434),(63,28,2,'',31.18163524,121.53756380),(64,28,3,'',31.16158652,121.54138327),(65,29,1,'',31.14551878,121.56336665),(66,29,2,'16',31.15508630,121.58850431),(67,29,3,'',31.22531645,121.55671477);
/*!40000 ALTER TABLE `user_station_points` ENABLE KEYS */;
UNLOCK TABLES;

--
-- Table structure for table `user_trigger_points`
--

DROP TABLE IF EXISTS `user_trigger_points`;
/*!40101 SET @saved_cs_client     = @@character_set_client */;
/*!40101 SET character_set_client = utf8 */;
CREATE TABLE `user_trigger_points` (
  `id` int(10) unsigned NOT NULL AUTO_INCREMENT,
  `user_station_id` int(10) unsigned NOT NULL,
  `latitude` decimal(12,8) NOT NULL,
  `longitude` decimal(12,8) NOT NULL,
  `heading` int(10) unsigned NOT NULL,
  PRIMARY KEY (`id`),
  UNIQUE KEY `UK_user_trigger_points_id` (`id`),
  KEY `FK_user_trigger_points_user_station_points_id` (`user_station_id`),
  CONSTRAINT `FK_user_trigger_points_user_station_points_id` FOREIGN KEY (`user_station_id`) REFERENCES `user_station_points` (`id`) ON DELETE CASCADE ON UPDATE CASCADE
) ENGINE=InnoDB AUTO_INCREMENT=60 DEFAULT CHARSET=utf8;
/*!40101 SET character_set_client = @saved_cs_client */;

--
-- Dumping data for table `user_trigger_points`
--

LOCK TABLES `user_trigger_points` WRITE;
/*!40000 ALTER TABLE `user_trigger_points` DISABLE KEYS */;
INSERT INTO `user_trigger_points` VALUES (10,18,31.20428591,121.54046059,0),(11,19,31.18637140,121.55024529,0),(12,20,31.16860038,121.55762672,0),(49,57,31.24797501,121.49585009,0),(54,62,31.20913106,121.53519273,197),(55,63,31.18971228,121.53576136,168),(56,64,31.17355751,121.54061079,160),(57,65,31.14522495,121.56334519,1),(58,66,31.15427833,121.58897638,338),(59,67,31.22583023,121.55810952,250);
/*!40000 ALTER TABLE `user_trigger_points` ENABLE KEYS */;
UNLOCK TABLES;

--
-- Table structure for table `users`
--

DROP TABLE IF EXISTS `users`;
/*!40101 SET @saved_cs_client     = @@character_set_client */;
/*!40101 SET character_set_client = utf8 */;
CREATE TABLE `users` (
  `id` int(10) unsigned NOT NULL AUTO_INCREMENT,
  `username` varchar(50) NOT NULL,
  `password` char(40) NOT NULL,
  `group_id` int(10) unsigned NOT NULL,
  `created` datetime DEFAULT NULL,
  `modified` datetime DEFAULT NULL,
  PRIMARY KEY (`id`),
  UNIQUE KEY `UK_user_accounts_id` (`id`),
  KEY `FK_user_accounts_user_groups_id` (`group_id`),
  CONSTRAINT `FK_user_accounts_user_groups_id` FOREIGN KEY (`group_id`) REFERENCES `groups` (`id`)
) ENGINE=InnoDB AUTO_INCREMENT=13 DEFAULT CHARSET=utf8;
/*!40101 SET character_set_client = @saved_cs_client */;

--
-- Dumping data for table `users`
--

LOCK TABLES `users` WRITE;
/*!40000 ALTER TABLE `users` DISABLE KEYS */;
INSERT INTO `users` VALUES (6,'admin','d4c8b97a3775741bac3b92c901f3e1a1094d442b',1,'2014-02-10 20:59:38','2014-02-10 20:59:38'),(7,'guest1','d4c8b97a3775741bac3b92c901f3e1a1094d442b',2,'2014-04-06 11:00:08','2014-04-06 11:00:08'),(8,'forjzt','a71fa1a2c396b4bfb13cd2925dbb291550ae37ff',2,'2014-04-12 01:57:41','2014-04-12 01:57:41'),(9,'yank','e760237175b84dce2f77aedbda80af991dc9aa8c',2,'2014-04-12 01:57:50','2014-04-12 01:57:50'),(10,'francis','29d1586e179658e6e205b14c459cb0b4e190022e',2,'2014-04-12 01:57:51','2014-04-12 01:57:51'),(11,'lyc8412','e760237175b84dce2f77aedbda80af991dc9aa8c',2,'2014-05-25 03:22:18','2014-05-25 03:22:18'),(12,'pshu','df981d99704bd1e126719c6da8fcd22a1e18ace7',2,'2014-06-07 09:56:27','2014-06-07 09:56:27');
/*!40000 ALTER TABLE `users` ENABLE KEYS */;
UNLOCK TABLES;

--
-- Temporary table structure for view `view_subquery_eligible_gps`
--

DROP TABLE IF EXISTS `view_subquery_eligible_gps`;
/*!50001 DROP VIEW IF EXISTS `view_subquery_eligible_gps`*/;
SET @saved_cs_client     = @@character_set_client;
SET character_set_client = utf8;
/*!50001 CREATE TABLE `view_subquery_eligible_gps` (
  `id` tinyint NOT NULL,
  `user_id` tinyint NOT NULL,
  `user_route_id` tinyint NOT NULL,
  `latitude` tinyint NOT NULL,
  `longitude` tinyint NOT NULL,
  `heading` tinyint NOT NULL,
  `created` tinyint NOT NULL,
  `station_sequence` tinyint NOT NULL,
  `station_name` tinyint NOT NULL,
  `trigger_lat` tinyint NOT NULL,
  `trigger_lng` tinyint NOT NULL,
  `trigger_heading` tinyint NOT NULL,
  `time_diff` tinyint NOT NULL,
  `gps_diff` tinyint NOT NULL,
  `heading_diff` tinyint NOT NULL
) ENGINE=MyISAM */;
SET character_set_client = @saved_cs_client;

--
-- Temporary table structure for view `view_subquery_eligible_stations`
--

DROP TABLE IF EXISTS `view_subquery_eligible_stations`;
/*!50001 DROP VIEW IF EXISTS `view_subquery_eligible_stations`*/;
SET @saved_cs_client     = @@character_set_client;
SET character_set_client = utf8;
/*!50001 CREATE TABLE `view_subquery_eligible_stations` (
  `real_time_id` tinyint NOT NULL,
  `user_id` tinyint NOT NULL,
  `user_route_id` tinyint NOT NULL,
  `station_sequence` tinyint NOT NULL,
  `cnt` tinyint NOT NULL
) ENGINE=MyISAM */;
SET character_set_client = @saved_cs_client;

--
-- Temporary table structure for view `view_subquery_latest_pos_created`
--

DROP TABLE IF EXISTS `view_subquery_latest_pos_created`;
/*!50001 DROP VIEW IF EXISTS `view_subquery_latest_pos_created`*/;
SET @saved_cs_client     = @@character_set_client;
SET character_set_client = utf8;
/*!50001 CREATE TABLE `view_subquery_latest_pos_created` (
  `user_id` tinyint NOT NULL,
  `user_route_id` tinyint NOT NULL,
  `created` tinyint NOT NULL
) ENGINE=MyISAM */;
SET character_set_client = @saved_cs_client;

--
-- Temporary table structure for view `view_subquery_route_phone_pair`
--

DROP TABLE IF EXISTS `view_subquery_route_phone_pair`;
/*!50001 DROP VIEW IF EXISTS `view_subquery_route_phone_pair`*/;
SET @saved_cs_client     = @@character_set_client;
SET character_set_client = utf8;
/*!50001 CREATE TABLE `view_subquery_route_phone_pair` (
  `user_id` tinyint NOT NULL,
  `username` tinyint NOT NULL,
  `route_id` tinyint NOT NULL,
  `route_name` tinyint NOT NULL,
  `phone_number` tinyint NOT NULL
) ENGINE=MyISAM */;
SET character_set_client = @saved_cs_client;

--
-- Temporary table structure for view `view_subquery_route_point_cnt`
--

DROP TABLE IF EXISTS `view_subquery_route_point_cnt`;
/*!50001 DROP VIEW IF EXISTS `view_subquery_route_point_cnt`*/;
SET @saved_cs_client     = @@character_set_client;
SET character_set_client = utf8;
/*!50001 CREATE TABLE `view_subquery_route_point_cnt` (
  `user_route_id` tinyint NOT NULL,
  `route_point_cnt` tinyint NOT NULL
) ENGINE=MyISAM */;
SET character_set_client = @saved_cs_client;

--
-- Temporary table structure for view `view_subquery_station_cnt`
--

DROP TABLE IF EXISTS `view_subquery_station_cnt`;
/*!50001 DROP VIEW IF EXISTS `view_subquery_station_cnt`*/;
SET @saved_cs_client     = @@character_set_client;
SET character_set_client = utf8;
/*!50001 CREATE TABLE `view_subquery_station_cnt` (
  `user_route_id` tinyint NOT NULL,
  `station_cnt` tinyint NOT NULL
) ENGINE=MyISAM */;
SET character_set_client = @saved_cs_client;

--
-- Temporary table structure for view `view_subquery_trigger_cnt`
--

DROP TABLE IF EXISTS `view_subquery_trigger_cnt`;
/*!50001 DROP VIEW IF EXISTS `view_subquery_trigger_cnt`*/;
SET @saved_cs_client     = @@character_set_client;
SET character_set_client = utf8;
/*!50001 CREATE TABLE `view_subquery_trigger_cnt` (
  `user_route_id` tinyint NOT NULL,
  `trigger_cnt` tinyint NOT NULL
) ENGINE=MyISAM */;
SET character_set_client = @saved_cs_client;

--
-- Temporary table structure for view `view_user_latest_pos_phone`
--

DROP TABLE IF EXISTS `view_user_latest_pos_phone`;
/*!50001 DROP VIEW IF EXISTS `view_user_latest_pos_phone`*/;
SET @saved_cs_client     = @@character_set_client;
SET character_set_client = utf8;
/*!50001 CREATE TABLE `view_user_latest_pos_phone` (
  `real_time_id` tinyint NOT NULL,
  `user_id` tinyint NOT NULL,
  `user_route_id` tinyint NOT NULL,
  `latitude` tinyint NOT NULL,
  `longitude` tinyint NOT NULL,
  `heading` tinyint NOT NULL,
  `created` tinyint NOT NULL,
  `modified` tinyint NOT NULL,
  `route_name` tinyint NOT NULL,
  `phone_number` tinyint NOT NULL,
  `time_diff` tinyint NOT NULL
) ENGINE=MyISAM */;
SET character_set_client = @saved_cs_client;

--
-- Temporary table structure for view `view_user_notify_phone`
--

DROP TABLE IF EXISTS `view_user_notify_phone`;
/*!50001 DROP VIEW IF EXISTS `view_user_notify_phone`*/;
SET @saved_cs_client     = @@character_set_client;
SET character_set_client = utf8;
/*!50001 CREATE TABLE `view_user_notify_phone` (
  `real_time_id` tinyint NOT NULL,
  `user_id` tinyint NOT NULL,
  `username` tinyint NOT NULL,
  `user_route_id` tinyint NOT NULL,
  `route_name` tinyint NOT NULL,
  `station_sequence` tinyint NOT NULL,
  `station_name` tinyint NOT NULL,
  `phone_number` tinyint NOT NULL
) ENGINE=MyISAM */;
SET character_set_client = @saved_cs_client;

--
-- Temporary table structure for view `view_user_route_detail`
--

DROP TABLE IF EXISTS `view_user_route_detail`;
/*!50001 DROP VIEW IF EXISTS `view_user_route_detail`*/;
SET @saved_cs_client     = @@character_set_client;
SET character_set_client = utf8;
/*!50001 CREATE TABLE `view_user_route_detail` (
  `user_id` tinyint NOT NULL,
  `username` tinyint NOT NULL,
  `user_route_id` tinyint NOT NULL,
  `route_name` tinyint NOT NULL,
  `station_sequence` tinyint NOT NULL,
  `station_name` tinyint NOT NULL,
  `station_lng` tinyint NOT NULL,
  `station_lat` tinyint NOT NULL,
  `trigger_lng` tinyint NOT NULL,
  `trigger_lat` tinyint NOT NULL,
  `trigger_heading` tinyint NOT NULL
) ENGINE=MyISAM */;
SET character_set_client = @saved_cs_client;

--
-- Temporary table structure for view `view_user_route_phone_number`
--

DROP TABLE IF EXISTS `view_user_route_phone_number`;
/*!50001 DROP VIEW IF EXISTS `view_user_route_phone_number`*/;
SET @saved_cs_client     = @@character_set_client;
SET character_set_client = utf8;
/*!50001 CREATE TABLE `view_user_route_phone_number` (
  `user_id` tinyint NOT NULL,
  `username` tinyint NOT NULL,
  `route_id` tinyint NOT NULL,
  `route_name` tinyint NOT NULL,
  `station_sequence` tinyint NOT NULL,
  `station_name` tinyint NOT NULL,
  `station_lng` tinyint NOT NULL,
  `station_lat` tinyint NOT NULL,
  `trigger_lng` tinyint NOT NULL,
  `trigger_lat` tinyint NOT NULL,
  `trigger_heading` tinyint NOT NULL,
  `phone_number` tinyint NOT NULL
) ENGINE=MyISAM */;
SET character_set_client = @saved_cs_client;

--
-- Temporary table structure for view `view_user_route_summary`
--

DROP TABLE IF EXISTS `view_user_route_summary`;
/*!50001 DROP VIEW IF EXISTS `view_user_route_summary`*/;
SET @saved_cs_client     = @@character_set_client;
SET character_set_client = utf8;
/*!50001 CREATE TABLE `view_user_route_summary` (
  `user_id` tinyint NOT NULL,
  `username` tinyint NOT NULL,
  `user_route_id` tinyint NOT NULL,
  `name` tinyint NOT NULL,
  `modified` tinyint NOT NULL,
  `route_point_cnt` tinyint NOT NULL,
  `station_cnt` tinyint NOT NULL,
  `trigger_cnt` tinyint NOT NULL
) ENGINE=MyISAM */;
SET character_set_client = @saved_cs_client;

--
-- Dumping events for database 'quick_bus_alpha'
--

--
-- Dumping routines for database 'quick_bus_alpha'
--

--
-- Final view structure for view `view_subquery_eligible_gps`
--

/*!50001 DROP TABLE IF EXISTS `view_subquery_eligible_gps`*/;
/*!50001 DROP VIEW IF EXISTS `view_subquery_eligible_gps`*/;
/*!50001 SET @saved_cs_client          = @@character_set_client */;
/*!50001 SET @saved_cs_results         = @@character_set_results */;
/*!50001 SET @saved_col_connection     = @@collation_connection */;
/*!50001 SET character_set_client      = utf8 */;
/*!50001 SET character_set_results     = utf8 */;
/*!50001 SET collation_connection      = utf8_general_ci */;
/*!50001 CREATE ALGORITHM=UNDEFINED */
/*!50013 DEFINER=`root`@`localhost` SQL SECURITY DEFINER */
/*!50001 VIEW `view_subquery_eligible_gps` AS select `a`.`id` AS `id`,`a`.`user_id` AS `user_id`,`a`.`user_route_id` AS `user_route_id`,`a`.`latitude` AS `latitude`,`a`.`longitude` AS `longitude`,`a`.`heading` AS `heading`,`a`.`created` AS `created`,`b`.`station_sequence` AS `station_sequence`,`b`.`station_name` AS `station_name`,`b`.`trigger_lat` AS `trigger_lat`,`b`.`trigger_lng` AS `trigger_lng`,`b`.`trigger_heading` AS `trigger_heading`,time_to_sec(timediff(now(),`a`.`created`)) AS `time_diff`,(abs((`a`.`latitude` - `b`.`trigger_lat`)) + abs((`a`.`longitude` - `b`.`trigger_lng`))) AS `gps_diff`,abs(sin(radians(((cast(`a`.`heading` as signed) - cast(`b`.`trigger_heading` as signed)) / 2)))) AS `heading_diff` from (`real_time_positions` `a` left join `view_user_route_detail` `b` on(((`a`.`user_id` = `b`.`user_id`) and (`a`.`user_route_id` = `b`.`user_route_id`)))) where ((time_to_sec(timediff(now(),`a`.`created`)) >= 0) and (time_to_sec(timediff(now(),`a`.`created`)) <= 1800) and ((abs((`a`.`latitude` - `b`.`trigger_lat`)) + abs((`a`.`longitude` - `b`.`trigger_lng`))) <= 0.0010) and (abs(sin(radians(((cast(`a`.`heading` as signed) - cast(`b`.`trigger_heading` as signed)) / 2)))) <= 0.174)) */;
/*!50001 SET character_set_client      = @saved_cs_client */;
/*!50001 SET character_set_results     = @saved_cs_results */;
/*!50001 SET collation_connection      = @saved_col_connection */;

--
-- Final view structure for view `view_subquery_eligible_stations`
--

/*!50001 DROP TABLE IF EXISTS `view_subquery_eligible_stations`*/;
/*!50001 DROP VIEW IF EXISTS `view_subquery_eligible_stations`*/;
/*!50001 SET @saved_cs_client          = @@character_set_client */;
/*!50001 SET @saved_cs_results         = @@character_set_results */;
/*!50001 SET @saved_col_connection     = @@collation_connection */;
/*!50001 SET character_set_client      = utf8 */;
/*!50001 SET character_set_results     = utf8 */;
/*!50001 SET collation_connection      = utf8_general_ci */;
/*!50001 CREATE ALGORITHM=UNDEFINED */
/*!50013 DEFINER=`root`@`localhost` SQL SECURITY DEFINER */
/*!50001 VIEW `view_subquery_eligible_stations` AS select max(`view_subquery_eligible_gps`.`id`) AS `real_time_id`,`view_subquery_eligible_gps`.`user_id` AS `user_id`,`view_subquery_eligible_gps`.`user_route_id` AS `user_route_id`,`view_subquery_eligible_gps`.`station_sequence` AS `station_sequence`,count(0) AS `cnt` from `view_subquery_eligible_gps` group by 2,3,4 having (`cnt` = 1) */;
/*!50001 SET character_set_client      = @saved_cs_client */;
/*!50001 SET character_set_results     = @saved_cs_results */;
/*!50001 SET collation_connection      = @saved_col_connection */;

--
-- Final view structure for view `view_subquery_latest_pos_created`
--

/*!50001 DROP TABLE IF EXISTS `view_subquery_latest_pos_created`*/;
/*!50001 DROP VIEW IF EXISTS `view_subquery_latest_pos_created`*/;
/*!50001 SET @saved_cs_client          = @@character_set_client */;
/*!50001 SET @saved_cs_results         = @@character_set_results */;
/*!50001 SET @saved_col_connection     = @@collation_connection */;
/*!50001 SET character_set_client      = utf8 */;
/*!50001 SET character_set_results     = utf8 */;
/*!50001 SET collation_connection      = utf8_general_ci */;
/*!50001 CREATE ALGORITHM=UNDEFINED */
/*!50013 DEFINER=`root`@`localhost` SQL SECURITY DEFINER */
/*!50001 VIEW `view_subquery_latest_pos_created` AS select `real_time_positions`.`user_id` AS `user_id`,`real_time_positions`.`user_route_id` AS `user_route_id`,max(`real_time_positions`.`created`) AS `created` from `real_time_positions` group by 1,2 order by 1,2 */;
/*!50001 SET character_set_client      = @saved_cs_client */;
/*!50001 SET character_set_results     = @saved_cs_results */;
/*!50001 SET collation_connection      = @saved_col_connection */;

--
-- Final view structure for view `view_subquery_route_phone_pair`
--

/*!50001 DROP TABLE IF EXISTS `view_subquery_route_phone_pair`*/;
/*!50001 DROP VIEW IF EXISTS `view_subquery_route_phone_pair`*/;
/*!50001 SET @saved_cs_client          = @@character_set_client */;
/*!50001 SET @saved_cs_results         = @@character_set_results */;
/*!50001 SET @saved_col_connection     = @@collation_connection */;
/*!50001 SET character_set_client      = utf8 */;
/*!50001 SET character_set_results     = utf8 */;
/*!50001 SET collation_connection      = utf8_general_ci */;
/*!50001 CREATE ALGORITHM=UNDEFINED */
/*!50013 DEFINER=`root`@`localhost` SQL SECURITY DEFINER */
/*!50001 VIEW `view_subquery_route_phone_pair` AS select distinct `view_user_route_phone_number`.`user_id` AS `user_id`,`view_user_route_phone_number`.`username` AS `username`,`view_user_route_phone_number`.`route_id` AS `route_id`,`view_user_route_phone_number`.`route_name` AS `route_name`,`view_user_route_phone_number`.`phone_number` AS `phone_number` from `view_user_route_phone_number` */;
/*!50001 SET character_set_client      = @saved_cs_client */;
/*!50001 SET character_set_results     = @saved_cs_results */;
/*!50001 SET collation_connection      = @saved_col_connection */;

--
-- Final view structure for view `view_subquery_route_point_cnt`
--

/*!50001 DROP TABLE IF EXISTS `view_subquery_route_point_cnt`*/;
/*!50001 DROP VIEW IF EXISTS `view_subquery_route_point_cnt`*/;
/*!50001 SET @saved_cs_client          = @@character_set_client */;
/*!50001 SET @saved_cs_results         = @@character_set_results */;
/*!50001 SET @saved_col_connection     = @@collation_connection */;
/*!50001 SET character_set_client      = utf8 */;
/*!50001 SET character_set_results     = utf8 */;
/*!50001 SET collation_connection      = utf8_general_ci */;
/*!50001 CREATE ALGORITHM=UNDEFINED */
/*!50013 DEFINER=`root`@`localhost` SQL SECURITY DEFINER */
/*!50001 VIEW `view_subquery_route_point_cnt` AS select `user_route_points`.`user_route_id` AS `user_route_id`,count(0) AS `route_point_cnt` from `user_route_points` group by 1 order by 1 */;
/*!50001 SET character_set_client      = @saved_cs_client */;
/*!50001 SET character_set_results     = @saved_cs_results */;
/*!50001 SET collation_connection      = @saved_col_connection */;

--
-- Final view structure for view `view_subquery_station_cnt`
--

/*!50001 DROP TABLE IF EXISTS `view_subquery_station_cnt`*/;
/*!50001 DROP VIEW IF EXISTS `view_subquery_station_cnt`*/;
/*!50001 SET @saved_cs_client          = @@character_set_client */;
/*!50001 SET @saved_cs_results         = @@character_set_results */;
/*!50001 SET @saved_col_connection     = @@collation_connection */;
/*!50001 SET character_set_client      = utf8 */;
/*!50001 SET character_set_results     = utf8 */;
/*!50001 SET collation_connection      = utf8_general_ci */;
/*!50001 CREATE ALGORITHM=UNDEFINED */
/*!50013 DEFINER=`root`@`localhost` SQL SECURITY DEFINER */
/*!50001 VIEW `view_subquery_station_cnt` AS select `user_station_points`.`user_route_id` AS `user_route_id`,count(0) AS `station_cnt` from `user_station_points` group by 1 order by 1 */;
/*!50001 SET character_set_client      = @saved_cs_client */;
/*!50001 SET character_set_results     = @saved_cs_results */;
/*!50001 SET collation_connection      = @saved_col_connection */;

--
-- Final view structure for view `view_subquery_trigger_cnt`
--

/*!50001 DROP TABLE IF EXISTS `view_subquery_trigger_cnt`*/;
/*!50001 DROP VIEW IF EXISTS `view_subquery_trigger_cnt`*/;
/*!50001 SET @saved_cs_client          = @@character_set_client */;
/*!50001 SET @saved_cs_results         = @@character_set_results */;
/*!50001 SET @saved_col_connection     = @@collation_connection */;
/*!50001 SET character_set_client      = utf8 */;
/*!50001 SET character_set_results     = utf8 */;
/*!50001 SET collation_connection      = utf8_general_ci */;
/*!50001 CREATE ALGORITHM=UNDEFINED */
/*!50013 DEFINER=`root`@`localhost` SQL SECURITY DEFINER */
/*!50001 VIEW `view_subquery_trigger_cnt` AS select `t2`.`user_route_id` AS `user_route_id`,count(0) AS `trigger_cnt` from (`user_trigger_points` `t1` left join `user_station_points` `t2` on((`t1`.`user_station_id` = `t2`.`id`))) group by 1 order by 1 */;
/*!50001 SET character_set_client      = @saved_cs_client */;
/*!50001 SET character_set_results     = @saved_cs_results */;
/*!50001 SET collation_connection      = @saved_col_connection */;

--
-- Final view structure for view `view_user_latest_pos_phone`
--

/*!50001 DROP TABLE IF EXISTS `view_user_latest_pos_phone`*/;
/*!50001 DROP VIEW IF EXISTS `view_user_latest_pos_phone`*/;
/*!50001 SET @saved_cs_client          = @@character_set_client */;
/*!50001 SET @saved_cs_results         = @@character_set_results */;
/*!50001 SET @saved_col_connection     = @@collation_connection */;
/*!50001 SET character_set_client      = utf8 */;
/*!50001 SET character_set_results     = utf8 */;
/*!50001 SET collation_connection      = utf8_general_ci */;
/*!50001 CREATE ALGORITHM=UNDEFINED */
/*!50013 DEFINER=`root`@`localhost` SQL SECURITY DEFINER */
/*!50001 VIEW `view_user_latest_pos_phone` AS select `b`.`id` AS `real_time_id`,`b`.`user_id` AS `user_id`,`b`.`user_route_id` AS `user_route_id`,`b`.`latitude` AS `latitude`,`b`.`longitude` AS `longitude`,`b`.`heading` AS `heading`,`b`.`created` AS `created`,`b`.`modified` AS `modified`,`c`.`route_name` AS `route_name`,`c`.`phone_number` AS `phone_number`,time_to_sec(timediff(now(),`a`.`created`)) AS `time_diff` from ((`view_subquery_latest_pos_created` `a` left join `real_time_positions` `b` on(((`a`.`user_id` = `b`.`user_id`) and (`a`.`user_route_id` = `b`.`user_route_id`) and (`a`.`created` = `b`.`created`)))) left join `view_subquery_route_phone_pair` `c` on(((`a`.`user_id` = `c`.`user_id`) and (`a`.`user_route_id` = `c`.`route_id`)))) where (time_to_sec(timediff(now(),`a`.`created`)) <= 1800000) order by `b`.`user_id`,`b`.`user_route_id` */;
/*!50001 SET character_set_client      = @saved_cs_client */;
/*!50001 SET character_set_results     = @saved_cs_results */;
/*!50001 SET collation_connection      = @saved_col_connection */;

--
-- Final view structure for view `view_user_notify_phone`
--

/*!50001 DROP TABLE IF EXISTS `view_user_notify_phone`*/;
/*!50001 DROP VIEW IF EXISTS `view_user_notify_phone`*/;
/*!50001 SET @saved_cs_client          = @@character_set_client */;
/*!50001 SET @saved_cs_results         = @@character_set_results */;
/*!50001 SET @saved_col_connection     = @@collation_connection */;
/*!50001 SET character_set_client      = utf8 */;
/*!50001 SET character_set_results     = utf8 */;
/*!50001 SET collation_connection      = utf8_general_ci */;
/*!50001 CREATE ALGORITHM=UNDEFINED */
/*!50013 DEFINER=`root`@`localhost` SQL SECURITY DEFINER */
/*!50001 VIEW `view_user_notify_phone` AS select `a`.`real_time_id` AS `real_time_id`,`a`.`user_id` AS `user_id`,`b`.`username` AS `username`,`a`.`user_route_id` AS `user_route_id`,`b`.`route_name` AS `route_name`,`a`.`station_sequence` AS `station_sequence`,`b`.`station_name` AS `station_name`,`b`.`phone_number` AS `phone_number` from (`view_subquery_eligible_stations` `a` left join `view_user_route_phone_number` `b` on(((`a`.`user_id` = `b`.`user_id`) and (`a`.`user_route_id` = `b`.`route_id`) and (`a`.`station_sequence` = `b`.`station_sequence`)))) */;
/*!50001 SET character_set_client      = @saved_cs_client */;
/*!50001 SET character_set_results     = @saved_cs_results */;
/*!50001 SET collation_connection      = @saved_col_connection */;

--
-- Final view structure for view `view_user_route_detail`
--

/*!50001 DROP TABLE IF EXISTS `view_user_route_detail`*/;
/*!50001 DROP VIEW IF EXISTS `view_user_route_detail`*/;
/*!50001 SET @saved_cs_client          = @@character_set_client */;
/*!50001 SET @saved_cs_results         = @@character_set_results */;
/*!50001 SET @saved_col_connection     = @@collation_connection */;
/*!50001 SET character_set_client      = utf8 */;
/*!50001 SET character_set_results     = utf8 */;
/*!50001 SET collation_connection      = utf8_general_ci */;
/*!50001 CREATE ALGORITHM=UNDEFINED */
/*!50013 DEFINER=`root`@`localhost` SQL SECURITY DEFINER */
/*!50001 VIEW `view_user_route_detail` AS select `a`.`id` AS `user_id`,`a`.`username` AS `username`,`b`.`id` AS `user_route_id`,`b`.`name` AS `route_name`,`c`.`sequence` AS `station_sequence`,`c`.`name` AS `station_name`,`c`.`longitude` AS `station_lng`,`c`.`latitude` AS `station_lat`,`d`.`longitude` AS `trigger_lng`,`d`.`latitude` AS `trigger_lat`,`d`.`heading` AS `trigger_heading` from (((`users` `a` left join `user_routes` `b` on((`a`.`id` = `b`.`user_id`))) left join `user_station_points` `c` on((`b`.`id` = `c`.`user_route_id`))) left join `user_trigger_points` `d` on((`c`.`id` = `d`.`user_station_id`))) where (`b`.`id` is not null) order by `a`.`username`,`b`.`id`,`c`.`sequence` */;
/*!50001 SET character_set_client      = @saved_cs_client */;
/*!50001 SET character_set_results     = @saved_cs_results */;
/*!50001 SET collation_connection      = @saved_col_connection */;

--
-- Final view structure for view `view_user_route_phone_number`
--

/*!50001 DROP TABLE IF EXISTS `view_user_route_phone_number`*/;
/*!50001 DROP VIEW IF EXISTS `view_user_route_phone_number`*/;
/*!50001 SET @saved_cs_client          = @@character_set_client */;
/*!50001 SET @saved_cs_results         = @@character_set_results */;
/*!50001 SET @saved_col_connection     = @@collation_connection */;
/*!50001 SET character_set_client      = utf8 */;
/*!50001 SET character_set_results     = utf8 */;
/*!50001 SET collation_connection      = utf8_general_ci */;
/*!50001 CREATE ALGORITHM=UNDEFINED */
/*!50013 DEFINER=`root`@`localhost` SQL SECURITY DEFINER */
/*!50001 VIEW `view_user_route_phone_number` AS select `a`.`id` AS `user_id`,`a`.`username` AS `username`,`b`.`id` AS `route_id`,`b`.`name` AS `route_name`,`c`.`sequence` AS `station_sequence`,`c`.`name` AS `station_name`,`c`.`longitude` AS `station_lng`,`c`.`latitude` AS `station_lat`,`d`.`longitude` AS `trigger_lng`,`d`.`latitude` AS `trigger_lat`,`d`.`heading` AS `trigger_heading`,`e`.`phone_number` AS `phone_number` from ((((`users` `a` left join `user_routes` `b` on((`a`.`id` = `b`.`user_id`))) left join `user_station_points` `c` on((`b`.`id` = `c`.`user_route_id`))) left join `user_trigger_points` `d` on((`c`.`id` = `d`.`user_station_id`))) left join `phone_numbers` `e` on((`c`.`id` = `e`.`user_station_id`))) where ((`b`.`id` is not null) and (`e`.`phone_number` is not null)) order by `a`.`id`,`b`.`id`,`c`.`sequence`,`e`.`phone_number` */;
/*!50001 SET character_set_client      = @saved_cs_client */;
/*!50001 SET character_set_results     = @saved_cs_results */;
/*!50001 SET collation_connection      = @saved_col_connection */;

--
-- Final view structure for view `view_user_route_summary`
--

/*!50001 DROP TABLE IF EXISTS `view_user_route_summary`*/;
/*!50001 DROP VIEW IF EXISTS `view_user_route_summary`*/;
/*!50001 SET @saved_cs_client          = @@character_set_client */;
/*!50001 SET @saved_cs_results         = @@character_set_results */;
/*!50001 SET @saved_col_connection     = @@collation_connection */;
/*!50001 SET character_set_client      = utf8 */;
/*!50001 SET character_set_results     = utf8 */;
/*!50001 SET collation_connection      = utf8_general_ci */;
/*!50001 CREATE ALGORITHM=UNDEFINED */
/*!50013 DEFINER=`root`@`localhost` SQL SECURITY DEFINER */
/*!50001 VIEW `view_user_route_summary` AS select `a`.`id` AS `user_id`,`a`.`username` AS `username`,`b`.`id` AS `user_route_id`,`b`.`name` AS `name`,`b`.`modified` AS `modified`,`c`.`route_point_cnt` AS `route_point_cnt`,`d`.`station_cnt` AS `station_cnt`,`e`.`trigger_cnt` AS `trigger_cnt` from ((((`users` `a` left join `user_routes` `b` on((`a`.`id` = `b`.`user_id`))) left join `view_subquery_route_point_cnt` `c` on((`b`.`id` = `c`.`user_route_id`))) left join `view_subquery_station_cnt` `d` on((`b`.`id` = `d`.`user_route_id`))) left join `view_subquery_trigger_cnt` `e` on((`b`.`id` = `e`.`user_route_id`))) where (`b`.`id` is not null) order by `a`.`username`,`b`.`id` */;
/*!50001 SET character_set_client      = @saved_cs_client */;
/*!50001 SET character_set_results     = @saved_cs_results */;
/*!50001 SET collation_connection      = @saved_col_connection */;
/*!40103 SET TIME_ZONE=@OLD_TIME_ZONE */;

/*!40101 SET SQL_MODE=@OLD_SQL_MODE */;
/*!40014 SET FOREIGN_KEY_CHECKS=@OLD_FOREIGN_KEY_CHECKS */;
/*!40014 SET UNIQUE_CHECKS=@OLD_UNIQUE_CHECKS */;
/*!40101 SET CHARACTER_SET_CLIENT=@OLD_CHARACTER_SET_CLIENT */;
/*!40101 SET CHARACTER_SET_RESULTS=@OLD_CHARACTER_SET_RESULTS */;
/*!40101 SET COLLATION_CONNECTION=@OLD_COLLATION_CONNECTION */;
/*!40111 SET SQL_NOTES=@OLD_SQL_NOTES */;

-- Dump completed on 2014-06-15 20:11:29
